,style1,style2,style3,style4,style5,sval1,sval2,sval3,sval4,sval5,ID
0,121,122,35,193,197,0.3095475435256958,0.17869976162910461,0.14076507091522217,0.11170971393585205,0.062291838228702545,1030248_0.jpg
1,170,197,137,193,83,0.9403236508369446,0.010619414038956165,0.005439091939479113,0.004839320667088032,0.004659564234316349,1072791_0.jpg
2,111,47,163,128,90,0.16204512119293213,0.1402023583650589,0.11257358640432358,0.10232201963663101,0.09462761133909225,1100287_0.jpg
3,16,149,78,158,176,0.7364345788955688,0.2136254757642746,0.010383741930127144,0.00898706540465355,0.008169518783688545,1217493_0.jpg
4,16,149,78,158,176,0.7364345788955688,0.2136254757642746,0.010383741930127144,0.00898706540465355,0.008169518783688545,1217493_1.jpg
5,150,113,136,112,198,0.20300161838531494,0.18022890388965607,0.178004652261734,0.11217989772558212,0.04499213397502899,1217493_2.jpg
6,43,164,162,204,55,0.2824634611606598,0.17511361837387085,0.11865463107824326,0.0678478330373764,0.04180076718330383,1217493_3.jpg
7,24,112,136,11,97,0.24376162886619568,0.2255484163761139,0.21004550158977509,0.0394313707947731,0.03152775764465332,1217493_4.jpg
8,136,112,24,113,64,0.40301579236984253,0.301210880279541,0.05863310024142265,0.04317495971918106,0.02902171015739441,1217493_5.jpg
9,24,97,66,45,136,0.5624246597290039,0.37801593542099,0.027429763227701187,0.004410753026604652,0.004319137893617153,1217493_6.jpg
10,195,138,139,141,154,0.35542428493499756,0.19051891565322876,0.07316312938928604,0.07253099977970123,0.04108738899230957,1252713_0.jpg
11,195,138,139,141,154,0.35542428493499756,0.19051891565322876,0.07316312938928604,0.07253099977970123,0.04108738899230957,1252713_1.jpg
12,112,136,64,198,93,0.371227502822876,0.2959950268268585,0.06561671942472458,0.046635646373033524,0.035557568073272705,1252713_2.jpg
13,109,108,64,70,84,0.43069738149642944,0.35396629571914673,0.08318085968494415,0.06875457614660263,0.0214657261967659,1252713_3.jpg
14,112,136,195,198,24,0.43249472975730896,0.35404738783836365,0.048409603536129,0.034028902649879456,0.02998485043644905,1252713_4.jpg
15,112,136,64,198,70,0.3822489380836487,0.19314275681972504,0.14065907895565033,0.11352492868900299,0.04638652876019478,1252713_5.jpg
16,112,136,198,113,64,0.5074538588523865,0.3648240864276886,0.0907236784696579,0.008065244182944298,0.0060479892417788506,1252713_6.jpg
17,97,24,195,66,167,0.5536095499992371,0.35744911432266235,0.011029444634914398,0.010428978130221367,0.007748429663479328,1264432_0.jpg
18,97,24,195,66,167,0.5536095499992371,0.35744911432266235,0.011029444634914398,0.010428978130221367,0.007748429663479328,1264432_1.jpg
19,24,97,95,66,11,0.6835792064666748,0.3003915548324585,0.006966650485992432,0.004312627483159304,0.0025202133692801,1264432_2.jpg
20,97,24,95,66,11,0.5589795112609863,0.41740792989730835,0.010412848554551601,0.006442965008318424,0.001506276661530137,1264432_3.jpg
21,174,75,142,195,138,0.514931321144104,0.27084529399871826,0.027227014303207397,0.02615690790116787,0.017003577202558517,1264432_4.jpg
22,93,129,136,109,150,0.455961138010025,0.21660646796226501,0.0447399839758873,0.04357559233903885,0.037303376942873,1264432_5.jpg
23,97,24,138,127,195,0.20406511425971985,0.0928482860326767,0.07623890787363052,0.07343309372663498,0.05207905173301697,1264432_6.jpg
24,115,55,80,151,204,0.269975483417511,0.20962806046009064,0.14605899155139923,0.08758844435214996,0.07178021967411041,1267141_0.jpg
25,115,55,80,151,204,0.269975483417511,0.20962806046009064,0.14605899155139923,0.08758844435214996,0.07178021967411041,1267141_1.jpg
26,24,97,11,127,66,0.8875554800033569,0.055603206157684326,0.03811713308095932,0.01117696799337864,0.002871532691642642,1267141_2.jpg
27,167,105,110,140,20,0.9080594182014465,0.07318443059921265,0.0029391839634627104,0.002223760122433305,0.00212904904037714,1267141_3.jpg
28,99,49,36,152,39,0.2575533390045166,0.21188536286354065,0.20017004013061523,0.12460092455148697,0.0549926683306694,1267141_4.jpg
29,138,154,55,57,195,0.5625083446502686,0.20229628682136536,0.04904969781637192,0.02762565389275551,0.027038633823394775,1267141_5.jpg
30,115,67,80,55,104,0.23091623187065125,0.15306934714317322,0.11916963756084442,0.0655730664730072,0.05204128473997116,1267141_6.jpg
31,79,141,38,121,149,0.1416919231414795,0.1009095311164856,0.08428074419498444,0.08256658166646957,0.05371708422899246,1272493_0.jpg
32,79,141,38,121,149,0.1416919231414795,0.1009095311164856,0.08428074419498444,0.08256658166646957,0.05371708422899246,1272493_1.jpg
33,136,112,97,24,113,0.3221087157726288,0.2981507480144501,0.1214914545416832,0.07653205841779709,0.03882402926683426,1272493_2.jpg
34,112,136,198,24,97,0.5128193497657776,0.29657167196273804,0.0918174609541893,0.023544762283563614,0.020311029627919197,1272493_3.jpg
35,138,154,195,181,55,0.3793623447418213,0.22554759681224823,0.12884309887886047,0.03424423187971115,0.027797874063253403,1272493_4.jpg
36,109,108,84,112,93,0.39519649744033813,0.38236498832702637,0.040544793009757996,0.03162465617060661,0.027999330312013626,1272493_5.jpg
37,3,63,6,31,196,0.3188738226890564,0.15839195251464844,0.060996245592832565,0.05023558810353279,0.047947414219379425,1272493_6.jpg
38,97,167,24,71,136,0.33978378772735596,0.2384442836046219,0.22081275284290314,0.03292445093393326,0.015369102358818054,1332864_0.jpg
39,97,167,24,71,136,0.33978378772735596,0.2384442836046219,0.22081275284290314,0.03292445093393326,0.015369102358818054,1332864_1.jpg
40,92,63,135,67,52,0.46419182419776917,0.10727627575397491,0.0914468914270401,0.03508838266134262,0.027858536690473557,1332864_2.jpg
41,24,97,95,66,105,0.6475976705551147,0.2814871668815613,0.025370333343744278,0.01790459454059601,0.006308487616479397,1332864_3.jpg
42,24,97,95,66,45,0.6633206605911255,0.24933485686779022,0.039179153740406036,0.025415223091840744,0.006964175496250391,1332864_4.jpg
43,112,136,24,97,64,0.23137256503105164,0.2135523110628128,0.1580914407968521,0.13280043005943298,0.033797528594732285,1332864_5.jpg
44,64,70,136,112,93,0.6502401232719421,0.17564597725868225,0.07355576008558273,0.027231816202402115,0.011931258253753185,1332864_6.jpg
45,105,24,66,97,95,0.49341291189193726,0.23286095261573792,0.12200919538736343,0.07334298640489578,0.055163782089948654,1334302_0.jpg
46,105,24,66,97,95,0.49341291189193726,0.23286095261573792,0.12200919538736343,0.07334298640489578,0.055163782089948654,1334302_1.jpg
47,167,20,114,45,71,0.9916659593582153,0.0020165760070085526,0.001099596032872796,0.0006206651451066136,0.0006045995396561921,1334302_2.jpg
48,25,65,132,148,31,0.21894235908985138,0.08007099479436874,0.06051812693476677,0.054712869226932526,0.05189024284482002,1353462_0.jpg
49,25,65,132,148,31,0.21894235908985138,0.08007099479436874,0.06051812693476677,0.054712869226932526,0.05189024284482002,1353462_1.jpg
50,71,24,167,140,97,0.13558253645896912,0.12275169789791107,0.11543890088796616,0.06602966785430908,0.05742139369249344,1353462_2.jpg
51,24,97,66,112,136,0.5094625353813171,0.4759742319583893,0.010749446228146553,0.001692543039098382,0.0007109957514330745,1353462_3.jpg
52,167,12,64,51,15,0.18972471356391907,0.15407171845436096,0.06093967705965042,0.06069507449865341,0.043112050741910934,1353462_4.jpg
53,195,204,138,25,55,0.5875067114830017,0.09452836960554123,0.054820068180561066,0.0358378067612648,0.026415903121232986,1353462_5.jpg
54,195,138,164,142,139,0.324557900428772,0.22015142440795898,0.04378820210695267,0.037538912147283554,0.028377030044794083,1353462_6.jpg
55,128,195,47,25,91,0.10014267265796661,0.09220908582210541,0.07452694326639175,0.05469043180346489,0.05358686298131943,1381100_0.jpg
56,26,65,90,47,128,0.3363521993160248,0.2695024907588959,0.2412889003753662,0.031814321875572205,0.02784130536019802,1484044_0.jpg
57,171,13,133,170,41,0.12938739359378815,0.10165305435657501,0.08359494060277939,0.0821664109826088,0.07424242794513702,150848_0.jpg
58,24,11,97,127,136,0.722051739692688,0.12298153340816498,0.07535665482282639,0.03072199784219265,0.008574185892939568,1645814_0.jpg
59,24,11,97,127,136,0.722051739692688,0.12298153340816498,0.07535665482282639,0.03072199784219265,0.008574185892939568,1645814_1.jpg
60,11,24,136,195,112,0.1255384385585785,0.11590982973575592,0.09162825345993042,0.08502507209777832,0.06748631596565247,1645814_2.jpg
61,8,5,195,9,126,0.28269854187965393,0.07725250720977783,0.06034144014120102,0.05644390732049942,0.051453959196805954,1645814_3.jpg
62,97,24,95,64,167,0.6684467792510986,0.20842412114143372,0.055612266063690186,0.015766290947794914,0.00586581788957119,1645814_4.jpg
63,138,57,55,80,91,0.15982107818126678,0.13886494934558868,0.11943062394857407,0.07974028587341309,0.07247010618448257,1645814_5.jpg
64,80,55,28,204,81,0.4588993489742279,0.10944259166717529,0.08044788986444473,0.06045764684677124,0.04179353639483452,1645814_6.jpg
65,64,24,97,112,136,0.2365739345550537,0.15886515378952026,0.11261902749538422,0.10291192680597305,0.09874528646469116,1648900_0.jpg
66,64,24,97,112,136,0.2365739345550537,0.15886515378952026,0.11261902749538422,0.10291192680597305,0.09874528646469116,1648900_1.jpg
67,97,24,66,11,112,0.5224384069442749,0.43554288148880005,0.02785312756896019,0.009324900805950165,0.0010196954244747758,1648900_2.jpg
68,97,24,66,112,11,0.49187183380126953,0.44784507155418396,0.021291127428412437,0.015304128639400005,0.008077388629317284,1648900_3.jpg
69,135,67,60,76,92,0.22556976974010468,0.21119177341461182,0.08073140680789948,0.0763939619064331,0.05382702499628067,1648900_4.jpg
70,71,164,120,67,204,0.46631091833114624,0.16613996028900146,0.03215095028281212,0.030478093773126602,0.0242573581635952,1648900_5.jpg
71,24,97,66,136,112,0.6103516817092896,0.13121527433395386,0.08043070137500763,0.025972256436944008,0.024211592972278595,1648900_6.jpg
72,181,138,104,43,120,0.7160254716873169,0.10581345856189728,0.027422994375228882,0.020815085619688034,0.020400112494826317,169416_0.jpg
73,181,138,104,43,120,0.7160254716873169,0.10581345856189728,0.027422994375228882,0.020815085619688034,0.020400112494826317,169416_1.jpg
74,24,97,66,11,95,0.6319634914398193,0.3337765336036682,0.014089723117649555,0.013020103797316551,0.005753210745751858,169416_2.jpg
75,136,112,64,198,70,0.4765337109565735,0.43649372458457947,0.01897616870701313,0.017508864402770996,0.014845569618046284,169416_3.jpg
76,136,112,64,70,109,0.3270075023174286,0.3020312786102295,0.11335229873657227,0.10458342730998993,0.043366219848394394,169416_4.jpg
77,195,138,120,154,43,0.3434893488883972,0.1154845580458641,0.08498302847146988,0.06322720646858215,0.03079049289226532,1720513_0.jpg
78,195,138,120,154,43,0.3434893488883972,0.1154845580458641,0.08498302847146988,0.06322720646858215,0.03079049289226532,1720513_1.jpg
79,108,109,84,134,20,0.5114737749099731,0.3866671621799469,0.04830750823020935,0.023279234766960144,0.008081167005002499,1720513_2.jpg
80,24,97,136,112,66,0.5365034341812134,0.1920863837003708,0.1079503744840622,0.0699414610862732,0.022341657429933548,1720513_3.jpg
81,204,67,138,71,164,0.22957459092140198,0.14887242019176483,0.11314592510461807,0.07565613090991974,0.06926083564758301,1720513_4.jpg
82,24,66,112,97,136,0.5273662805557251,0.37863749265670776,0.03078792430460453,0.02588420733809471,0.0118976766243577,1720513_5.jpg
83,24,136,112,97,66,0.28243160247802734,0.27717405557632446,0.19680914282798767,0.1351059377193451,0.070417620241642,1720513_6.jpg
84,64,136,112,70,113,0.24984820187091827,0.24019686877727509,0.1975567787885666,0.11490483582019806,0.04749742150306702,1722167_0.jpg
85,64,136,112,70,113,0.24984820187091827,0.24019686877727509,0.1975567787885666,0.11490483582019806,0.04749742150306702,1722167_1.jpg
86,112,136,64,70,113,0.2461918145418167,0.2455604076385498,0.14632205665111542,0.069172702729702,0.03555424138903618,1722167_2.jpg
87,112,93,136,24,9,0.31512385606765747,0.17598530650138855,0.12475629150867462,0.06542889773845673,0.05105429142713547,1722167_3.jpg
88,97,24,11,66,112,0.5823230147361755,0.37922316789627075,0.014071503654122353,0.008976235054433346,0.0047386218793690205,1722167_4.jpg
89,112,97,24,136,198,0.3850688934326172,0.15461596846580505,0.14141514897346497,0.1298992931842804,0.054561544209718704,1722167_5.jpg
90,149,28,176,78,186,0.30915379524230957,0.1386801302433014,0.10987893491983414,0.09778507798910141,0.052814312279224396,1722167_6.jpg
91,112,11,136,24,97,0.3211573660373688,0.23964044451713562,0.16490226984024048,0.07794909179210663,0.05931766703724861,1806865_0.jpg
92,112,11,136,24,97,0.3211573660373688,0.23964044451713562,0.16490226984024048,0.07794909179210663,0.05931766703724861,1806865_1.jpg
93,97,24,11,66,112,0.8619166612625122,0.1357576698064804,0.0009623050573281944,0.0007897499017417431,0.00014013508916832507,1806865_2.jpg
94,109,108,64,70,11,0.29747673869132996,0.22904618084430695,0.08514923602342606,0.07743982970714569,0.060343824326992035,1806865_3.jpg
95,64,109,108,70,11,0.21525616943836212,0.15926536917686462,0.09763180464506149,0.07170940935611725,0.05326737090945244,1806865_4.jpg
96,54,167,45,20,134,0.41086792945861816,0.1628749817609787,0.14475378394126892,0.11260068416595459,0.03946070000529289,1806865_5.jpg
97,55,28,91,80,194,0.29792386293411255,0.2252834588289261,0.1145089715719223,0.09337266534566879,0.04909655451774597,1806865_6.jpg
98,154,138,104,152,57,0.5240920782089233,0.15057840943336487,0.07440772652626038,0.04870230332016945,0.04641426354646683,1814213_0.jpg
99,154,138,104,152,57,0.5240920782089233,0.15057840943336487,0.07440772652626038,0.04870230332016945,0.04641426354646683,1814213_1.jpg
100,55,80,91,194,28,0.5059531331062317,0.23688700795173645,0.0897299200296402,0.06989447772502899,0.0405958816409111,1814213_2.jpg
101,27,9,8,49,20,0.30919894576072693,0.17968715727329254,0.1266673356294632,0.06020253896713257,0.04055198282003403,1814213_3.jpg
102,167,93,109,64,97,0.3157351613044739,0.08767717331647873,0.06608439981937408,0.06598172336816788,0.06197292357683182,1814213_4.jpg
103,67,135,79,76,92,0.643957257270813,0.13613352179527283,0.06670692563056946,0.020319713279604912,0.020045846700668335,1814213_5.jpg
104,174,204,55,194,91,0.11475648730993271,0.11219082027673721,0.0962306335568428,0.08854718506336212,0.07099826633930206,1814213_6.jpg
105,31,90,196,156,47,0.3679814338684082,0.1616300791501999,0.07964251190423965,0.07824502885341644,0.04933125898241997,1825930_0.jpg
106,115,75,43,91,55,0.15809543430805206,0.08719832450151443,0.08361800014972687,0.07401436567306519,0.07388864457607269,1831943_0.jpg
107,47,128,163,90,102,0.2794998288154602,0.27717143297195435,0.06418190151453018,0.05414729565382004,0.05395517498254776,1950361_0.jpg
108,115,171,21,130,184,0.13496829569339752,0.11660955846309662,0.08850575238466263,0.07552498579025269,0.05388081818819046,201579_0.jpg
109,55,194,154,91,57,0.2892518639564514,0.09735388308763504,0.08398903161287308,0.07711802423000336,0.05809798091650009,20542_0.jpg
110,55,194,154,91,57,0.2892518639564514,0.09735388308763504,0.08398903161287308,0.07711802423000336,0.05809798091650009,20542_1.jpg
111,127,136,24,112,64,0.1996850222349167,0.19214050471782684,0.16249290108680725,0.10042556375265121,0.03521258011460304,20542_2.jpg
112,108,64,109,70,152,0.21165397763252258,0.20173712074756622,0.1909034550189972,0.10434399545192719,0.1017024964094162,20542_3.jpg
113,24,136,11,195,112,0.2635120451450348,0.2071303427219391,0.14289486408233643,0.12448017299175262,0.11626376211643219,20542_4.jpg
114,109,108,70,64,84,0.4491663873195648,0.28046971559524536,0.10559751093387604,0.09132149815559387,0.014331984333693981,20542_5.jpg
115,64,136,152,18,112,0.14495758712291718,0.14394855499267578,0.09298350661993027,0.06515539437532425,0.05889483541250229,20542_6.jpg
116,164,71,138,204,55,0.22506828606128693,0.2046291083097458,0.13510176539421082,0.12743525207042694,0.062340401113033295,2134100_0.jpg
117,164,71,138,204,55,0.22506828606128693,0.2046291083097458,0.13510176539421082,0.12743525207042694,0.062340401113033295,2134100_1.jpg
118,24,97,66,11,112,0.5632908344268799,0.3924916088581085,0.022296521812677383,0.007931247353553772,0.004416280426084995,2134100_2.jpg
119,108,109,20,64,112,0.2719792425632477,0.24129784107208252,0.14658741652965546,0.04990362375974655,0.03882244974374771,2134100_3.jpg
120,108,109,84,93,129,0.4341049790382385,0.2965580224990845,0.07963504642248154,0.06405260413885117,0.03729432076215744,2134100_4.jpg
121,167,97,95,66,24,0.583565890789032,0.20120856165885925,0.03230806067585945,0.024529732763767242,0.015428331680595875,2134100_5.jpg
122,167,105,45,97,95,0.6783739328384399,0.2291329801082611,0.0314086452126503,0.01455011498183012,0.013044320046901703,2134100_6.jpg
123,195,138,104,115,43,0.2553233206272125,0.14782585203647614,0.08142329007387161,0.0785452201962471,0.0637490302324295,2192223_0.jpg
124,195,138,154,104,139,0.8168660402297974,0.05481674522161484,0.052666980773210526,0.010235614143311977,0.008198022842407227,2202262_0.jpg
125,24,97,66,95,11,0.7660666704177856,0.2041226178407669,0.0174622293561697,0.0066344039514660835,0.003622144926339388,220558_0.jpg
126,24,97,66,95,11,0.7660666704177856,0.2041226178407669,0.0174622293561697,0.0066344039514660835,0.003622144926339388,220558_1.jpg
127,24,97,66,11,112,0.605174720287323,0.29938530921936035,0.07333213835954666,0.016022270545363426,0.0016074767336249352,220558_2.jpg
128,24,97,127,64,70,0.3695346713066101,0.1510484218597412,0.0724305659532547,0.06297602504491806,0.04260435700416565,220558_3.jpg
129,24,97,112,136,66,0.5060350894927979,0.24830326437950134,0.08177635818719864,0.06365601718425751,0.022966798394918442,220558_4.jpg
130,24,97,112,136,11,0.5665567517280579,0.11805455386638641,0.1071094274520874,0.0727493017911911,0.030871504917740822,220558_5.jpg
131,45,71,167,24,134,0.6516062617301941,0.0939251035451889,0.06459112465381622,0.03903957083821297,0.03507551550865173,220558_6.jpg
132,163,47,121,193,148,0.14265546202659607,0.08515084534883499,0.07513438165187836,0.06647907942533493,0.056046802550554276,2243953_0.jpg
133,163,47,121,193,148,0.14265546202659607,0.08515084534883499,0.07513438165187836,0.06647907942533493,0.056046802550554276,2243953_1.jpg
134,140,71,164,118,32,0.38077327609062195,0.06664524227380753,0.04606189578771591,0.03728201985359192,0.032345306128263474,2243953_2.jpg
135,63,138,3,163,111,0.3497927784919739,0.1086149662733078,0.04203546419739723,0.040874697268009186,0.02925153449177742,2243953_3.jpg
136,195,136,138,112,154,0.23944148421287537,0.1834608018398285,0.1251922845840454,0.11398737132549286,0.03876081109046936,2243953_4.jpg
137,108,109,64,70,136,0.40908774733543396,0.36910995841026306,0.08435065299272537,0.05303744226694107,0.016686225309967995,2243953_5.jpg
138,112,136,198,113,20,0.5704556703567505,0.3489198386669159,0.03590378910303116,0.007648815866559744,0.0045219287276268005,2243953_6.jpg
139,64,70,136,112,152,0.7229865193367004,0.2531900405883789,0.013076474890112877,0.0025434414856135845,0.0012816255912184715,2254431_0.jpg
140,164,55,43,162,186,0.16985288262367249,0.12193958461284637,0.10718275606632233,0.06836658716201782,0.06650708615779877,2257309_0.jpg
141,164,55,43,162,186,0.16985288262367249,0.12193958461284637,0.10718275606632233,0.06836658716201782,0.06650708615779877,2257309_1.jpg
142,111,115,199,41,43,0.18509235978126526,0.16961631178855896,0.12379741668701172,0.06861773133277893,0.057037778198719025,2257309_2.jpg
143,194,131,80,91,55,0.21414610743522644,0.12733778357505798,0.12142296135425568,0.10992957651615143,0.10190440714359283,2257309_3.jpg
144,55,80,28,91,194,0.30317994952201843,0.1958809196949005,0.19248898327350616,0.11712697893381119,0.05820859596133232,2257309_4.jpg
145,170,83,186,121,193,0.27877768874168396,0.14279979467391968,0.11154884099960327,0.0890481099486351,0.08512719720602036,2257309_5.jpg
146,138,195,154,64,70,0.4882553219795227,0.3277091681957245,0.09873125702142715,0.01301246602088213,0.007430641446262598,2257309_6.jpg
147,112,136,109,108,113,0.3133646547794342,0.26701879501342773,0.08737439662218094,0.05127822235226631,0.04438510537147522,228433_0.jpg
148,163,102,47,128,111,0.27017366886138916,0.20679867267608643,0.17287921905517578,0.15065066516399384,0.048915963619947433,2316478_0.jpg
149,164,55,204,115,151,0.36933618783950806,0.15429551899433136,0.07993566989898682,0.053127072751522064,0.04907659813761711,2447789_0.jpg
150,164,55,204,115,151,0.36933618783950806,0.15429551899433136,0.07993566989898682,0.053127072751522064,0.04907659813761711,2447789_1.jpg
151,67,78,79,164,55,0.5075652003288269,0.10580770671367645,0.08319102227687836,0.08069594204425812,0.03412862494587898,2447789_2.jpg
152,55,204,91,164,194,0.4047090411186218,0.12850922346115112,0.10010892152786255,0.06161157041788101,0.061076559126377106,2447789_3.jpg
153,136,112,113,198,64,0.48110780119895935,0.42651838064193726,0.03749144822359085,0.015926752239465714,0.014381726272404194,2447789_4.jpg
154,136,112,113,198,24,0.396466463804245,0.3558430075645447,0.07956935465335846,0.022786354646086693,0.020286165177822113,2447789_5.jpg
155,109,108,64,20,70,0.3372763991355896,0.29849255084991455,0.07413448393344879,0.047241441905498505,0.034808725118637085,2447789_6.jpg
156,154,138,25,143,13,0.15703268349170685,0.15037134289741516,0.06259886175394058,0.05698298662900925,0.048293016850948334,2503408_0.jpg
157,24,97,66,112,11,0.5141041278839111,0.46224936842918396,0.016398493200540543,0.0017755806911736727,0.00141623814124614,2656392_0.jpg
158,24,97,66,112,11,0.5141041278839111,0.46224936842918396,0.016398493200540543,0.0017755806911736727,0.00141623814124614,2656392_1.jpg
159,128,90,47,116,65,0.220157653093338,0.16924533247947693,0.16641569137573242,0.07757134735584259,0.054934997111558914,2656392_2.jpg
160,8,49,99,39,88,0.20350439846515656,0.1902180165052414,0.1040249839425087,0.07256324589252472,0.044676948338747025,2656392_3.jpg
161,24,97,66,11,112,0.6189599633216858,0.36423707008361816,0.01143421046435833,0.0016437178710475564,0.0012769156601279974,2656392_4.jpg
162,47,92,163,128,25,0.18447032570838928,0.158766508102417,0.09853119403123856,0.09536269307136536,0.06642971932888031,2656392_5.jpg
163,112,136,113,150,198,0.4343191087245941,0.3822135031223297,0.08576823025941849,0.02753720059990883,0.01506563276052475,2656392_6.jpg
164,138,195,71,113,136,0.22437620162963867,0.21080872416496277,0.1411733329296112,0.0822032019495964,0.06357182562351227,2672540_0.jpg
165,138,195,71,113,136,0.22437620162963867,0.21080872416496277,0.1411733329296112,0.0822032019495964,0.06357182562351227,2672540_1.jpg
166,109,108,84,134,153,0.45164990425109863,0.37997642159461975,0.07748419791460037,0.06929521262645721,0.010895859450101852,2672540_2.jpg
167,109,108,134,93,84,0.29458290338516235,0.278589129447937,0.10947556793689728,0.06604736298322678,0.03310755640268326,2672540_3.jpg
168,24,112,97,127,136,0.44271120429039,0.1291683167219162,0.0796419009566307,0.07684878259897232,0.07516960799694061,2672540_4.jpg
169,167,134,110,20,109,0.41290897130966187,0.0915452390909195,0.057147253304719925,0.050334908068180084,0.037393078207969666,2672540_5.jpg
170,167,114,84,95,20,0.699640154838562,0.030646756291389465,0.03047192096710205,0.03016791120171547,0.029275914654135704,2672540_6.jpg
171,64,136,112,70,9,0.25286367535591125,0.13683106005191803,0.10451991856098175,0.08974005281925201,0.08878986537456512,269244_0.jpg
172,64,136,112,70,9,0.25286367535591125,0.13683106005191803,0.10451991856098175,0.08974005281925201,0.08878986537456512,269244_1.jpg
173,23,49,152,123,18,0.2698223292827606,0.08957406133413315,0.06980255991220474,0.06901686638593674,0.06755661219358444,269244_2.jpg
174,164,71,114,32,45,0.38554447889328003,0.09024780988693237,0.06925701349973679,0.062318332493305206,0.04867659509181976,269244_3.jpg
175,64,136,70,112,127,0.3940581977367401,0.18116241693496704,0.1576491743326187,0.11157097667455673,0.04119100421667099,269244_4.jpg
176,152,124,17,77,28,0.33593377470970154,0.06868524849414825,0.06736837327480316,0.05639820173382759,0.05087246745824814,269244_5.jpg
177,64,93,70,9,85,0.3359145522117615,0.17544621229171753,0.1488390415906906,0.10567094385623932,0.05380594730377197,269244_6.jpg
178,112,136,113,198,195,0.512890636920929,0.31233519315719604,0.085335873067379,0.0696491226553917,0.002680476289242506,2802236_0.jpg
179,112,136,113,198,195,0.512890636920929,0.31233519315719604,0.085335873067379,0.0696491226553917,0.002680476289242506,2802236_1.jpg
180,170,128,47,163,102,0.23967644572257996,0.19262230396270752,0.1814645230770111,0.11433662474155426,0.08043791353702545,2802236_2.jpg
181,195,138,139,154,152,0.44419732689857483,0.041502539068460464,0.03582325950264931,0.031057113781571388,0.030364837497472763,2802236_3.jpg
182,5,39,124,81,46,0.1665109097957611,0.08021446317434311,0.07651074230670929,0.07301729917526245,0.051851898431777954,2802236_4.jpg
183,129,150,9,113,23,0.2636440396308899,0.19127541780471802,0.04399757832288742,0.042436372488737106,0.04162822663784027,2802236_5.jpg
184,93,129,64,136,112,0.2414989173412323,0.21727386116981506,0.15615937113761902,0.1085648313164711,0.07773321121931076,2802236_6.jpg
185,90,65,102,47,111,0.1865217387676239,0.12226666510105133,0.09027373790740967,0.08049450814723969,0.07706241309642792,296928_0.jpg
186,43,55,67,91,204,0.2564601004123688,0.2229509800672531,0.053114086389541626,0.04096071049571037,0.039113692939281464,298838_0.jpg
187,43,55,67,91,204,0.2564601004123688,0.2229509800672531,0.053114086389541626,0.04096071049571037,0.039113692939281464,298838_1.jpg
188,55,91,194,138,204,0.19540277123451233,0.15080572664737701,0.1253627985715866,0.10712967067956924,0.10223456472158432,298838_2.jpg
189,43,195,104,115,55,0.6202393174171448,0.11843081563711166,0.06477804481983185,0.03929930180311203,0.0313141867518425,298838_3.jpg
190,43,139,195,104,31,0.5369582176208496,0.08059822022914886,0.06057503819465637,0.03649432584643364,0.027570974081754684,298838_4.jpg
191,43,55,104,138,80,0.2708393931388855,0.16515979170799255,0.0720641165971756,0.053659893572330475,0.03463451564311981,298838_5.jpg
192,64,152,136,11,112,0.10563359409570694,0.10360538959503174,0.09814626723527908,0.07218969613313675,0.06094437837600708,298838_6.jpg
193,136,112,113,198,129,0.28477510809898376,0.19358114898204803,0.12359286844730377,0.08377636969089508,0.0681147426366806,3183280_0.jpg
194,24,97,136,112,11,0.3794615566730499,0.2407699078321457,0.14870727062225342,0.12588484585285187,0.07550109922885895,3540774_0.jpg
195,24,97,136,112,11,0.3794615566730499,0.2407699078321457,0.14870727062225342,0.12588484585285187,0.07550109922885895,3540774_1.jpg
196,204,55,91,194,67,0.2228202521800995,0.21574172377586365,0.0989006981253624,0.09822555631399155,0.09122228622436523,3540774_2.jpg
197,24,97,136,112,11,0.5648013353347778,0.24131321907043457,0.052297987043857574,0.04870683699846268,0.022456886246800423,3540774_3.jpg
198,170,121,197,92,79,0.27462178468704224,0.09709228575229645,0.09483301639556885,0.08401134610176086,0.08120366185903549,3540774_4.jpg
199,24,97,11,136,112,0.6014976501464844,0.35498854517936707,0.016205672174692154,0.00815579853951931,0.007082771509885788,3540774_5.jpg
200,97,24,11,136,66,0.5742257833480835,0.4082207679748535,0.005404154770076275,0.003670141100883484,0.002692417474463582,3540774_6.jpg
201,164,43,71,162,140,0.7632974982261658,0.13486647605895996,0.016586031764745712,0.011796274222433567,0.011571775190532207,3667033_0.jpg
202,164,43,71,162,140,0.7632974982261658,0.13486647605895996,0.016586031764745712,0.011796274222433567,0.011571775190532207,3667033_1.jpg
203,136,112,64,195,70,0.39594951272010803,0.2020629346370697,0.09338308870792389,0.05968571826815605,0.04008292034268379,3667033_2.jpg
204,24,97,11,66,95,0.7913215160369873,0.16809773445129395,0.016180137172341347,0.007032677531242371,0.00402067368850112,3667033_3.jpg
205,24,97,11,64,195,0.7506099343299866,0.1063239797949791,0.039534009993076324,0.018604759126901627,0.01403122115880251,3667033_4.jpg
206,121,35,193,197,83,0.3187457025051117,0.2868383228778839,0.11906850337982178,0.08538903295993805,0.048528142273426056,3667033_5.jpg
207,55,131,194,164,121,0.1635550558567047,0.12747138738632202,0.08435291051864624,0.062309421598911285,0.05341116338968277,3667033_6.jpg
208,115,151,195,104,32,0.49542325735092163,0.1122686117887497,0.09787557274103165,0.05015356466174126,0.03913474455475807,3885526_0.jpg
209,115,151,195,104,32,0.49542325735092163,0.1122686117887497,0.09787557274103165,0.05015356466174126,0.03913474455475807,3885526_1.jpg
210,64,44,70,136,198,0.36480215191841125,0.12061478942632675,0.07712939381599426,0.07098430395126343,0.060031186789274216,3885526_2.jpg
211,136,112,97,198,24,0.4006689190864563,0.39481088519096375,0.054112933576107025,0.03814661130309105,0.03357972949743271,3885526_3.jpg
212,136,112,198,113,97,0.5584362745285034,0.3708062469959259,0.027761340141296387,0.013763976283371449,0.01223212294280529,3885526_4.jpg
213,167,105,95,20,97,0.9416263699531555,0.019835636019706726,0.008206848055124283,0.00529463542625308,0.0021113541442900896,3885526_5.jpg
214,64,136,70,112,108,0.46191081404685974,0.19557806849479675,0.14103591442108154,0.07040878385305405,0.028626704588532448,3885526_6.jpg
215,112,136,64,70,24,0.2597511410713196,0.21483676135540009,0.12605388462543488,0.10757418721914291,0.05367469787597656,3971090_0.jpg
216,195,71,138,57,204,0.19645634293556213,0.1451464742422104,0.1303960382938385,0.12274451553821564,0.09256599098443985,4000299_0.jpg
217,195,71,138,57,204,0.19645634293556213,0.1451464742422104,0.1303960382938385,0.12274451553821564,0.09256599098443985,4000299_1.jpg
218,24,97,112,136,66,0.5480358600616455,0.193348228931427,0.12735766172409058,0.07505448162555695,0.033401452004909515,4000299_2.jpg
219,24,112,136,97,167,0.3569353222846985,0.1696772277355194,0.13985425233840942,0.09850677102804184,0.08547249436378479,4000299_3.jpg
220,109,108,84,95,153,0.4880530834197998,0.3023221492767334,0.09374960511922836,0.02820022962987423,0.019649706780910492,4000299_4.jpg
221,64,109,108,70,136,0.20236699283123016,0.1488276571035385,0.1287456452846527,0.10245232284069061,0.09091643989086151,4000299_5.jpg
222,109,108,93,9,20,0.29727819561958313,0.2880099415779114,0.07325619459152222,0.04058391600847244,0.029928425326943398,4000299_6.jpg
223,138,71,164,67,204,0.1347844898700714,0.11456280946731567,0.09438873827457428,0.0856497585773468,0.06560956686735153,4012457_0.jpg
224,138,71,164,67,204,0.1347844898700714,0.11456280946731567,0.09438873827457428,0.0856497585773468,0.06560956686735153,4012457_1.jpg
225,112,24,136,97,64,0.22597463428974152,0.1975458562374115,0.15295211970806122,0.14270931482315063,0.02407359518110752,4012457_2.jpg
226,195,138,154,121,149,0.3244580626487732,0.2513848841190338,0.11477663367986679,0.04709775745868683,0.01686585135757923,4012457_3.jpg
227,195,138,154,55,91,0.6927841901779175,0.11792361736297607,0.03208937868475914,0.030562257394194603,0.013064326718449593,4012457_4.jpg
228,24,127,93,64,97,0.22290989756584167,0.1673196256160736,0.08711660653352737,0.07972744107246399,0.07377401739358902,4012457_5.jpg
229,138,57,154,139,195,0.2616218328475952,0.14573147892951965,0.11343401670455933,0.08690766990184784,0.06198297068476677,4012457_6.jpg
230,112,136,113,64,195,0.31582027673721313,0.24128182232379913,0.0964919924736023,0.07570767402648926,0.047917433083057404,4034215_0.jpg
231,22,115,65,144,104,0.3429197669029236,0.10857830196619034,0.09358061850070953,0.08193414658308029,0.04642532393336296,4059788_0.jpg
232,22,115,65,144,104,0.3429197669029236,0.10857830196619034,0.09358061850070953,0.08193414658308029,0.04642532393336296,4059788_1.jpg
233,65,90,22,141,25,0.3539716899394989,0.08130571246147156,0.07055159658193588,0.051433879882097244,0.032125361263751984,4059788_2.jpg
234,151,67,204,71,115,0.36419209837913513,0.18882061541080475,0.1397629678249359,0.07094494253396988,0.05057322978973389,4059788_3.jpg
235,168,141,65,90,169,0.12470712512731552,0.08873499929904938,0.07066585123538971,0.05543585866689682,0.05130542442202568,4059788_4.jpg
236,67,151,115,195,204,0.18189236521720886,0.17377352714538574,0.09470859169960022,0.09307733178138733,0.0859687551856041,4059788_5.jpg
237,22,156,144,132,170,0.16133670508861542,0.14479324221611023,0.12139324098825455,0.06255008280277252,0.053373515605926514,4059788_6.jpg
238,195,136,112,64,70,0.2632724642753601,0.1608915627002716,0.09767735004425049,0.0708407610654831,0.07033468782901764,4104608_0.jpg
239,181,139,43,204,115,0.2160540521144867,0.15459519624710083,0.06390110403299332,0.06254386156797409,0.057468850165605545,4110291_0.jpg
240,181,139,43,204,115,0.2160540521144867,0.15459519624710083,0.06390110403299332,0.06254386156797409,0.057468850165605545,4110291_1.jpg
241,71,138,195,204,151,0.11680146306753159,0.10827823728322983,0.10674504190683365,0.10102283954620361,0.09645756334066391,4110291_2.jpg
242,112,136,109,167,108,0.23522739112377167,0.19924595952033997,0.14662380516529083,0.0828610360622406,0.07749167084693909,4110291_3.jpg
243,109,108,9,93,18,0.2709253430366516,0.24692031741142273,0.07746423780918121,0.0532657615840435,0.036289799958467484,4110291_4.jpg
244,167,49,18,110,97,0.220722034573555,0.07263800501823425,0.06624941527843475,0.0533796027302742,0.052273593842983246,4110291_5.jpg
245,64,9,127,70,88,0.18183767795562744,0.12181373685598373,0.09030026197433472,0.06704434007406235,0.06285961717367172,4110291_6.jpg
246,43,151,104,32,75,0.16993151605129242,0.07512497156858444,0.070656418800354,0.04374655336141586,0.03707222267985344,4280201_0.jpg
247,43,151,104,32,75,0.16993151605129242,0.07512497156858444,0.070656418800354,0.04374655336141586,0.03707222267985344,4280201_1.jpg
248,97,24,66,51,50,0.33481651544570923,0.25072795152664185,0.0745842382311821,0.05451326444745064,0.04389605671167374,4280201_2.jpg
249,142,4,170,186,79,0.16418679058551788,0.11488188803195953,0.1055275946855545,0.06305573880672455,0.0613095760345459,4280201_3.jpg
250,138,204,141,187,38,0.3724660575389862,0.10955111682415009,0.09212520718574524,0.04746421426534653,0.03963456302881241,4280201_4.jpg
251,167,109,108,134,20,0.9812824130058289,0.0035383279900997877,0.0028125173412263393,0.0020470283925533295,0.0014444529078900814,4280201_5.jpg
252,167,108,109,84,20,0.382987916469574,0.25055068731307983,0.22031733393669128,0.04032808542251587,0.016878366470336914,4280201_6.jpg
253,115,204,162,94,41,0.24059931933879852,0.06799224764108658,0.058369703590869904,0.054992616176605225,0.046198610216379166,4288187_0.jpg
254,115,204,162,94,41,0.24059931933879852,0.06799224764108658,0.058369703590869904,0.054992616176605225,0.046198610216379166,4288187_1.jpg
255,2,57,204,164,67,0.6954792737960815,0.07463625073432922,0.05505435913801193,0.045397110283374786,0.0166599340736866,4288187_2.jpg
256,164,162,32,204,94,0.22040648758411407,0.11830617487430573,0.05680619925260544,0.05259792134165764,0.050086356699466705,4288187_3.jpg
257,118,164,42,140,204,0.47853201627731323,0.10893537849187851,0.051990050822496414,0.03836526721715927,0.025980332866311073,4288187_4.jpg
258,138,154,195,57,136,0.44290629029273987,0.1963418573141098,0.11648233234882355,0.03798920288681984,0.026939252391457558,4288187_5.jpg
259,71,167,24,195,45,0.342943012714386,0.13646098971366882,0.0858621820807457,0.07421202212572098,0.039064813405275345,4288187_6.jpg
260,47,163,128,65,90,0.18254254758358002,0.15249007940292358,0.14120280742645264,0.08511753380298615,0.06552185863256454,45871_0.jpg
261,47,163,128,65,90,0.18254254758358002,0.15249007940292358,0.14120280742645264,0.08511753380298615,0.06552185863256454,45871_1.jpg
262,26,152,65,154,195,0.14828838407993317,0.13138844072818756,0.11674129962921143,0.11271218210458755,0.06672969460487366,45871_2.jpg
263,47,170,128,156,161,0.12596549093723297,0.11782471090555191,0.11242537200450897,0.09021319448947906,0.0644000917673111,45871_3.jpg
264,65,63,163,47,156,0.22623419761657715,0.16674038767814636,0.09274889528751373,0.07199425995349884,0.06235536187887192,45871_4.jpg
265,65,156,26,121,90,0.5541328191757202,0.04477205127477646,0.04151666909456253,0.034404851496219635,0.03153471276164055,45871_5.jpg
266,136,112,24,64,20,0.6351597905158997,0.2299073040485382,0.033268269151449203,0.024293767288327217,0.01127374917268753,45871_6.jpg
267,90,47,128,156,170,0.1351052075624466,0.12149067223072052,0.12018927186727524,0.11807852983474731,0.10369601100683212,4624905_0.jpg
268,129,64,136,152,112,0.21315725147724152,0.11163739114999771,0.10802563279867172,0.07276485860347748,0.06455912441015244,489171_0.jpg
269,47,128,163,161,156,0.3246959149837494,0.16427215933799744,0.13425633311271667,0.05364258214831352,0.050811588764190674,4901646_0.jpg
270,47,128,163,161,156,0.3246959149837494,0.16427215933799744,0.13425633311271667,0.05364258214831352,0.050811588764190674,4901646_1.jpg
271,97,24,66,136,112,0.5314226746559143,0.2697347104549408,0.0542977973818779,0.03057698905467987,0.02288205362856388,4901646_2.jpg
272,167,114,45,20,105,0.909255862236023,0.04514666274189949,0.014412568882107735,0.01292908750474453,0.004425091668963432,4901646_3.jpg
273,75,114,52,32,174,0.3117677569389343,0.1552913635969162,0.03625873848795891,0.029874661937355995,0.02762124501168728,4901646_4.jpg
274,24,97,66,11,112,0.5496138334274292,0.44186896085739136,0.006538573652505875,0.0014472354669123888,0.00011887562868651003,4903025_0.jpg
275,24,97,66,11,112,0.5496138334274292,0.44186896085739136,0.006538573652505875,0.0014472354669123888,0.00011887562868651003,4903025_1.jpg
276,24,97,66,112,11,0.86680668592453,0.10802198946475983,0.00810231827199459,0.0036547735799103975,0.003455153200775385,4903025_2.jpg
277,24,136,64,112,70,0.4586089551448822,0.21066591143608093,0.13325050473213196,0.07375872135162354,0.039366353303194046,4903025_3.jpg
278,109,108,167,84,20,0.3864939510822296,0.31143903732299805,0.06502211838960648,0.03632032498717308,0.030478324741125107,4903025_4.jpg
279,167,114,71,45,140,0.9982198476791382,0.0011509459000080824,0.0001595253706909716,0.0001206499437103048,7.961482333485037e-05,4903025_5.jpg
280,112,136,198,64,93,0.5409412384033203,0.4211463928222656,0.01633436232805252,0.008856989443302155,0.0037149284034967422,4903025_6.jpg
281,195,154,138,4,121,0.2948012948036194,0.1319780796766281,0.07994628697633743,0.05209261178970337,0.04260377213358879,4944221_0.jpg
282,112,136,85,64,70,0.294902503490448,0.2884625792503357,0.07007703930139542,0.05663277953863144,0.05425376817584038,497421_0.jpg
283,136,112,97,195,64,0.2315523624420166,0.16183771193027496,0.15389104187488556,0.10140706598758698,0.07522930204868317,5005862_0.jpg
284,170,156,116,47,144,0.2322090119123459,0.13038073480129242,0.09448879212141037,0.06532099843025208,0.06095688417553902,5015383_0.jpg
285,170,116,111,83,128,0.5245799422264099,0.04971393570303917,0.0453718826174736,0.028664853423833847,0.025739669799804688,5026638_0.jpg
286,138,204,91,194,195,0.5556527376174927,0.1090824156999588,0.07149443030357361,0.0536864772439003,0.029011497274041176,5107728_0.jpg
287,138,204,91,194,195,0.5556527376174927,0.1090824156999588,0.07149443030357361,0.0536864772439003,0.029011497274041176,5107728_1.jpg
288,167,24,20,97,181,0.2100752592086792,0.12169048935174942,0.08827953040599823,0.0812411829829216,0.04715133458375931,5107728_2.jpg
289,24,97,112,136,20,0.47438865900039673,0.41061562299728394,0.05625692754983902,0.01930689439177513,0.007659485097974539,5107728_3.jpg
290,24,97,66,95,112,0.8408350944519043,0.13680757582187653,0.012569785118103027,0.002344879787415266,0.0018106058705598116,5107728_4.jpg
291,24,97,11,66,95,0.5152007341384888,0.4311964511871338,0.029120659455657005,0.021040651947259903,0.0014798690099269152,5107728_5.jpg
292,181,138,81,204,98,0.7967705726623535,0.05155675858259201,0.010619593784213066,0.009869381785392761,0.008856786414980888,5107728_6.jpg
293,121,193,156,102,170,0.18204465508460999,0.10589790344238281,0.10132195800542831,0.0972776785492897,0.08750685304403305,52662_0.jpg
294,136,64,112,70,113,0.2531505823135376,0.21255946159362793,0.19653421640396118,0.08004920929670334,0.0565415620803833,5363237_0.jpg
295,136,64,112,70,113,0.2531505823135376,0.21255946159362793,0.19653421640396118,0.08004920929670334,0.0565415620803833,5363237_1.jpg
296,64,152,70,17,51,0.41538676619529724,0.2037978619337082,0.08223287761211395,0.056031592190265656,0.04918419197201729,5363237_2.jpg
297,112,136,24,97,64,0.2920220196247101,0.1949836164712906,0.09094003587961197,0.06857599318027496,0.060758817940950394,5363237_3.jpg
298,31,196,139,184,120,0.14054995775222778,0.08110516518354416,0.07795193046331406,0.050506483763456345,0.028721949085593224,5363237_4.jpg
299,43,195,138,164,71,0.30418235063552856,0.24820247292518616,0.09444387257099152,0.06463254988193512,0.05180522799491882,5363237_5.jpg
300,148,164,185,52,191,0.2742345929145813,0.13910579681396484,0.12420447915792465,0.1187315359711647,0.07398384064435959,5363237_6.jpg
301,112,136,113,198,64,0.3103142976760864,0.26756882667541504,0.17910774052143097,0.03592371195554733,0.022367890924215317,5364612_0.jpg
302,75,151,13,115,32,0.27632349729537964,0.20383957028388977,0.10039876401424408,0.0792926549911499,0.0607888400554657,5421000_0.jpg
303,75,151,13,115,32,0.27632349729537964,0.20383957028388977,0.10039876401424408,0.0792926549911499,0.0607888400554657,5421000_1.jpg
304,55,80,71,164,204,0.18568718433380127,0.14306437969207764,0.10259238630533218,0.055128686130046844,0.047444455325603485,5421000_2.jpg
305,24,97,66,112,136,0.6452800631523132,0.32058000564575195,0.010897106491029263,0.005902719683945179,0.0041852374561131,5421000_3.jpg
306,24,97,11,20,120,0.4278510510921478,0.3746087849140167,0.04151187092065811,0.03910191357135773,0.015117702074348927,5421000_4.jpg
307,24,97,11,20,45,0.5841996669769287,0.15306535363197327,0.09383948892354965,0.06351714581251144,0.020566899329423904,5421000_5.jpg
308,112,20,136,24,198,0.4668387472629547,0.1482696831226349,0.1393955647945404,0.11049394309520721,0.02268354222178459,5421000_6.jpg
309,24,97,66,11,112,0.7353578805923462,0.22720718383789062,0.029879843816161156,0.005602694116532803,0.0004011928685940802,5475911_0.jpg
310,24,97,66,11,112,0.7353578805923462,0.22720718383789062,0.029879843816161156,0.005602694116532803,0.0004011928685940802,5475911_1.jpg
311,128,90,47,116,65,0.220157653093338,0.16924533247947693,0.16641569137573242,0.07757134735584259,0.054934997111558914,5475911_2.jpg
312,112,136,113,198,64,0.3995755612850189,0.3990212678909302,0.09464311599731445,0.050079792737960815,0.008447661995887756,5475911_3.jpg
313,24,97,66,11,136,0.6890236139297485,0.2865728735923767,0.020808035507798195,0.0015105385100468993,0.000835181213915348,5475911_4.jpg
314,49,36,99,39,18,0.25679343938827515,0.1657482236623764,0.10962966829538345,0.07878942042589188,0.04516371339559555,5475911_5.jpg
315,136,112,113,150,198,0.39016228914260864,0.36001452803611755,0.13514500856399536,0.02579931542277336,0.01587146706879139,5475911_6.jpg
316,137,83,82,204,116,0.7805168628692627,0.10371166467666626,0.030452534556388855,0.017723802477121353,0.0145437465980649,5499325_0.jpg
317,137,83,82,204,116,0.7805168628692627,0.10371166467666626,0.030452534556388855,0.017723802477121353,0.0145437465980649,5499325_1.jpg
318,187,204,137,142,42,0.13453206419944763,0.12424740940332413,0.11437944322824478,0.09820792078971863,0.06923693418502808,5499325_2.jpg
319,164,71,138,195,2,0.28007596731185913,0.09634314477443695,0.055578071624040604,0.05249490216374397,0.03328002989292145,5499325_3.jpg
320,194,131,91,80,55,0.2301032990217209,0.09870550781488419,0.08363966643810272,0.07767151296138763,0.06442774832248688,5499325_4.jpg
321,97,24,66,95,11,0.6374208331108093,0.2648773491382599,0.041264865547418594,0.026264643296599388,0.004561784211546183,5499325_5.jpg
322,93,64,108,129,136,0.20485825836658478,0.13159650564193726,0.0904509574174881,0.0730048418045044,0.06814930588006973,5499325_6.jpg
323,195,138,154,55,43,0.39805692434310913,0.13525272905826569,0.10960450023412704,0.05872587114572525,0.0315609872341156,567239_0.jpg
324,195,138,154,55,43,0.39805692434310913,0.13525272905826569,0.10960450023412704,0.05872587114572525,0.0315609872341156,567239_1.jpg
325,90,170,171,156,31,0.37699374556541443,0.14690718054771423,0.10813915729522705,0.08743902295827866,0.03657808154821396,567239_2.jpg
326,64,113,136,70,112,0.3323276937007904,0.14459910988807678,0.1433160901069641,0.10860233008861542,0.05325017124414444,567239_3.jpg
327,97,24,66,11,112,0.7431114912033081,0.2442735880613327,0.009793316014111042,0.0017033707117661834,0.0003026823978871107,567239_4.jpg
328,18,172,95,23,94,0.25859397649765015,0.18321022391319275,0.08030618727207184,0.07962854951620102,0.03730211406946182,567239_5.jpg
329,131,25,55,195,31,0.12660890817642212,0.09502215683460236,0.07328100502490997,0.06830289959907532,0.06274394690990448,567239_6.jpg
330,181,104,43,138,115,0.280657559633255,0.08747263997793198,0.08242157101631165,0.07659649848937988,0.06714832037687302,576135_0.jpg
331,181,104,43,138,115,0.280657559633255,0.08747263997793198,0.08242157101631165,0.07659649848937988,0.06714832037687302,576135_1.jpg
332,64,97,24,70,109,0.2289089858531952,0.2052811086177826,0.1964421570301056,0.10362758487462997,0.07449501752853394,576135_2.jpg
333,109,108,84,134,153,0.528598964214325,0.40395045280456543,0.04561825841665268,0.012619374319911003,0.0015697833150625229,576135_3.jpg
334,64,109,70,108,136,0.32612916827201843,0.2188231647014618,0.19565466046333313,0.15196307003498077,0.03895808011293411,576135_4.jpg
335,97,24,109,108,136,0.3142176866531372,0.2924741208553314,0.1362278163433075,0.07269533723592758,0.022886399179697037,576135_5.jpg
336,24,97,66,11,95,0.5735706686973572,0.33335667848587036,0.06840403378009796,0.00337036931887269,0.002621106570586562,576135_6.jpg
337,108,109,84,64,70,0.50882488489151,0.38532117009162903,0.057789843529462814,0.016947967931628227,0.013219064101576805,5813498_0.jpg
338,108,109,84,64,70,0.50882488489151,0.38532117009162903,0.057789843529462814,0.016947967931628227,0.013219064101576805,5813498_1.jpg
339,194,91,138,57,204,0.25582823157310486,0.2455773651599884,0.12839046120643616,0.07197455316781998,0.06059453636407852,5813498_2.jpg
340,194,91,138,204,57,0.23507830500602722,0.14327174425125122,0.08259370923042297,0.06213114783167839,0.05466437339782715,5813498_3.jpg
341,64,136,108,109,112,0.19390639662742615,0.12940914928913116,0.09598003327846527,0.09547682106494904,0.08781246095895767,5813498_4.jpg
342,136,112,198,24,113,0.5159702301025391,0.40218061208724976,0.024043168872594833,0.019915524870157242,0.013052019290626049,5813498_5.jpg
343,71,138,57,204,67,0.3915981650352478,0.1203453540802002,0.09058161824941635,0.05993664264678955,0.056646041572093964,5813498_6.jpg
344,151,115,130,56,13,0.19959573447704315,0.11373629420995712,0.10434571653604507,0.09923379123210907,0.08144344389438629,594613_0.jpg
345,138,55,194,91,204,0.32810741662979126,0.17638856172561646,0.10443560779094696,0.08095435798168182,0.07924990355968475,5970824_0.jpg
346,138,55,194,91,204,0.32810741662979126,0.17638856172561646,0.10443560779094696,0.08095435798168182,0.07924990355968475,5970824_1.jpg
347,138,55,164,204,195,0.3404361307621002,0.15099728107452393,0.12536823749542236,0.07312905788421631,0.07108312100172043,5970824_2.jpg
348,97,23,95,24,167,0.1653594970703125,0.15249112248420715,0.11263570934534073,0.08933913707733154,0.0655047819018364,5970824_3.jpg
349,97,24,64,112,136,0.42215031385421753,0.37521976232528687,0.0652594268321991,0.03859955444931984,0.021512800827622414,5970824_4.jpg
350,64,70,136,112,195,0.5911919474601746,0.23917341232299805,0.03556147962808609,0.018661214038729668,0.017728222534060478,5970824_5.jpg
351,8,136,112,11,9,0.17796999216079712,0.1513160914182663,0.06653229147195816,0.06435230374336243,0.05988936871290207,5970824_6.jpg
352,115,80,81,104,133,0.22351805865764618,0.12831717729568481,0.06511642038822174,0.05647053197026253,0.044009096920490265,6056542_0.jpg
353,115,80,81,104,133,0.22351805865764618,0.12831717729568481,0.06511642038822174,0.05647053197026253,0.044009096920490265,6056542_1.jpg
354,138,57,154,104,195,0.23491951823234558,0.12939712405204773,0.08006823807954788,0.07495535910129547,0.05734642595052719,6056542_2.jpg
355,7,139,118,145,113,0.15890932083129883,0.1303211748600006,0.06154220178723335,0.055113375186920166,0.05017159506678581,6056542_3.jpg
356,60,4,178,53,143,0.10143765062093735,0.07201479375362396,0.054321639239788055,0.042052023112773895,0.04194049537181854,6056542_4.jpg
357,138,154,104,181,98,0.32818928360939026,0.29313725233078003,0.07967451959848404,0.06796202808618546,0.05346915125846863,6056542_5.jpg
358,113,174,7,145,15,0.2318873107433319,0.21132072806358337,0.12231174856424332,0.10002358257770538,0.0929664596915245,6056542_6.jpg
359,138,55,204,154,195,0.6354683637619019,0.10401330143213272,0.04876663535833359,0.045098014175891876,0.030791815370321274,6087875_0.jpg
360,138,55,204,154,195,0.6354683637619019,0.10401330143213272,0.04876663535833359,0.045098014175891876,0.030791815370321274,6087875_1.jpg
361,195,174,75,138,158,0.29069799184799194,0.2554752826690674,0.08137349039316177,0.06356212496757507,0.039926234632730484,6087875_2.jpg
362,91,167,138,194,150,0.23748910427093506,0.10110175609588623,0.09004666656255722,0.07298631221055984,0.0499802902340889,6087875_3.jpg
363,174,75,119,11,20,0.8239684104919434,0.03159858286380768,0.020034484565258026,0.012823948636651039,0.01151772029697895,6087875_4.jpg
364,24,97,66,127,112,0.4013864994049072,0.16252091526985168,0.10184536129236221,0.1001514345407486,0.0829472690820694,6087875_5.jpg
365,140,75,185,148,2,0.22479112446308136,0.10629727691411972,0.09388020634651184,0.08252907544374466,0.07745428383350372,6087875_6.jpg
366,115,80,81,104,133,0.22351805865764618,0.12831717729568481,0.06511642038822174,0.05647053197026253,0.044009096920490265,6094566_0.jpg
367,115,80,81,104,133,0.22351805865764618,0.12831717729568481,0.06511642038822174,0.05647053197026253,0.044009096920490265,6094566_1.jpg
368,138,57,154,104,195,0.23491951823234558,0.12939712405204773,0.08006823807954788,0.07495535910129547,0.05734642595052719,6094566_2.jpg
369,7,139,118,145,113,0.15890932083129883,0.1303211748600006,0.06154220178723335,0.055113375186920166,0.05017159506678581,6094566_3.jpg
370,60,4,178,53,143,0.10143765062093735,0.07201479375362396,0.054321639239788055,0.042052023112773895,0.04194049537181854,6094566_4.jpg
371,138,154,195,181,104,0.4085870683193207,0.2634403109550476,0.10093212127685547,0.05370340496301651,0.03962703421711922,6094566_5.jpg
372,113,174,7,145,15,0.2318873107433319,0.21132072806358337,0.12231174856424332,0.10002358257770538,0.0929664596915245,6094566_6.jpg
373,138,43,104,57,67,0.1813097894191742,0.17691493034362793,0.08670882880687714,0.07329200208187103,0.059021372348070145,613363_0.jpg
374,138,43,104,57,67,0.1813097894191742,0.17691493034362793,0.08670882880687714,0.07329200208187103,0.059021372348070145,613363_1.jpg
375,174,75,43,115,57,0.18951822817325592,0.13212886452674866,0.11832459270954132,0.08461969345808029,0.04044102877378464,613363_2.jpg
376,195,138,140,164,71,0.3283225893974304,0.17024864256381989,0.09588871896266937,0.07639305293560028,0.041087981313467026,613363_3.jpg
377,43,164,104,195,204,0.6268160939216614,0.05095873028039932,0.04336399585008621,0.04037155956029892,0.026189779862761497,613363_4.jpg
378,97,24,11,66,127,0.4144909977912903,0.3484068810939789,0.09205342829227448,0.03542414307594299,0.01960945501923561,613363_5.jpg
379,24,97,136,112,66,0.4342988133430481,0.29788655042648315,0.04497651010751724,0.038270868360996246,0.021449074149131775,613363_6.jpg
380,57,138,195,113,115,0.6292916536331177,0.088521808385849,0.03831552714109421,0.03561783581972122,0.022711846977472305,6199764_0.jpg
381,24,97,112,136,66,0.7560129761695862,0.20660455524921417,0.009655442088842392,0.009287026710808277,0.0069696931168437,6377373_0.jpg
382,136,24,112,97,195,0.20685791969299316,0.19734182953834534,0.17611457407474518,0.17276011407375336,0.0269472636282444,6401154_0.jpg
383,55,80,115,151,104,0.1644405573606491,0.16168823838233948,0.13846418261528015,0.07776907831430435,0.06981470435857773,6402502_0.jpg
384,55,80,115,151,104,0.1644405573606491,0.16168823838233948,0.13846418261528015,0.07776907831430435,0.06981470435857773,6402502_1.jpg
385,97,24,66,11,112,0.5618246793746948,0.39829355478286743,0.010873638093471527,0.00904286839067936,0.003795202123001218,6402502_2.jpg
386,24,97,11,64,136,0.4961729049682617,0.4295676648616791,0.018646445125341415,0.010246426798403263,0.008142625913023949,6402502_3.jpg
387,24,97,11,66,95,0.6909367442131042,0.26890212297439575,0.02600235678255558,0.0060621583834290504,0.0040242960676550865,6402502_4.jpg
388,24,97,11,112,136,0.6752722263336182,0.2761698067188263,0.013268043287098408,0.0096714673563838,0.007234145887196064,6402502_5.jpg
389,27,99,94,175,39,0.20643654465675354,0.13130617141723633,0.10800238698720932,0.07003076374530792,0.05120260640978813,6402502_6.jpg
390,24,97,95,66,11,0.6501061916351318,0.26872748136520386,0.033361390233039856,0.028312619775533676,0.012553170323371887,6437649_0.jpg
391,24,97,95,66,11,0.6501061916351318,0.26872748136520386,0.033361390233039856,0.028312619775533676,0.012553170323371887,6437649_1.jpg
392,97,24,112,66,93,0.6167241930961609,0.3426792025566101,0.009288742206990719,0.007833396084606647,0.004840909503400326,6437649_2.jpg
393,112,136,24,93,150,0.46910232305526733,0.1762264370918274,0.068250373005867,0.057181358337402344,0.03839675337076187,6437649_3.jpg
394,64,70,136,112,113,0.2617993950843811,0.17985272407531738,0.14917069673538208,0.07962651550769806,0.057417672127485275,6437649_4.jpg
395,24,97,112,136,45,0.3212999403476715,0.23011605441570282,0.09194745123386383,0.06154187396168709,0.056410808116197586,6437649_5.jpg
396,108,109,84,64,70,0.432415634393692,0.3777669668197632,0.10609558969736099,0.021588459610939026,0.014237528666853905,6437649_6.jpg
397,65,163,47,128,90,0.29830217361450195,0.20031046867370605,0.11093632131814957,0.09731604158878326,0.04703931510448456,6467356_0.jpg
398,65,163,47,128,90,0.29830217361450195,0.20031046867370605,0.11093632131814957,0.09731604158878326,0.04703931510448456,6467356_1.jpg
399,163,47,90,128,102,0.5577713847160339,0.1364229917526245,0.06685270369052887,0.045969415456056595,0.026854459196329117,6467356_2.jpg
400,112,136,64,70,108,0.37710264325141907,0.23224636912345886,0.10773147642612457,0.0706721618771553,0.021512111648917198,6467356_3.jpg
401,112,136,64,70,198,0.23490162193775177,0.18362018465995789,0.15408651530742645,0.09104664623737335,0.046336300671100616,6467356_4.jpg
402,24,112,136,97,109,0.24799427390098572,0.20040030777454376,0.12380144745111465,0.10311539471149445,0.045727141201496124,6467356_5.jpg
403,102,163,47,128,170,0.4159860610961914,0.19330796599388123,0.10064208507537842,0.09585650265216827,0.03553031012415886,6467356_6.jpg
404,167,45,46,24,97,0.1597783863544464,0.14304450154304504,0.07767782360315323,0.07726772129535675,0.05780867487192154,6474321_0.jpg
405,97,24,93,160,95,0.18983781337738037,0.18348729610443115,0.07455708831548691,0.0660339891910553,0.05759410932660103,6506207_0.jpg
406,97,24,93,160,95,0.18983781337738037,0.18348729610443115,0.07455708831548691,0.0660339891910553,0.05759410932660103,6506207_1.jpg
407,24,97,66,105,95,0.5511214733123779,0.12317591905593872,0.11564578115940094,0.04671498388051987,0.04284021258354187,6506207_2.jpg
408,97,24,95,66,64,0.5369061231613159,0.3815781772136688,0.034361593425273895,0.024299371987581253,0.0028620981611311436,6506207_3.jpg
409,112,136,24,198,11,0.49969053268432617,0.32846999168395996,0.04829271882772446,0.03163345903158188,0.026023680344223976,6506207_4.jpg
410,112,136,198,127,195,0.47678303718566895,0.3886550962924957,0.05538175627589226,0.014230765402317047,0.0129868658259511,6506207_5.jpg
411,195,136,112,138,70,0.6486836075782776,0.1304895132780075,0.05981303006410599,0.04635532200336456,0.01833614520728588,6506207_6.jpg
412,170,4,169,168,131,0.9011245965957642,0.04107072576880455,0.015888003632426262,0.007104917429387569,0.005036358721554279,6514091_0.jpg
413,170,4,169,168,131,0.9011245965957642,0.04107072576880455,0.015888003632426262,0.007104917429387569,0.005036358721554279,6514091_1.jpg
414,97,24,112,136,109,0.3466283977031708,0.27246272563934326,0.12596027553081512,0.06801866739988327,0.03436123579740524,6514091_2.jpg
415,109,108,84,134,167,0.5036149024963379,0.34505051374435425,0.10667964071035385,0.007685788907110691,0.005980459041893482,6514091_3.jpg
416,24,97,109,112,136,0.4175487160682678,0.2781633734703064,0.0704655647277832,0.043918170034885406,0.03185945004224777,6514091_4.jpg
417,109,108,167,84,64,0.42842572927474976,0.3487403690814972,0.07556299865245819,0.027762044221162796,0.01973200961947441,6514091_5.jpg
418,110,167,109,108,134,0.35133227705955505,0.32942062616348267,0.16630330681800842,0.07533343136310577,0.016914598643779755,6514091_6.jpg
419,112,136,109,108,64,0.3189184367656708,0.20014581084251404,0.13199982047080994,0.112531878054142,0.05763192102313042,6528165_0.jpg
420,112,136,109,108,64,0.3189184367656708,0.20014581084251404,0.13199982047080994,0.112531878054142,0.05763192102313042,6528165_1.jpg
421,112,136,109,93,108,0.24746723473072052,0.1691165566444397,0.1602802276611328,0.07703731954097748,0.05545034259557724,6528165_2.jpg
422,112,136,24,64,97,0.47244900465011597,0.3498326241970062,0.03376346454024315,0.02538667619228363,0.022080184891819954,6528165_3.jpg
423,80,55,57,115,28,0.19504639506340027,0.16456885635852814,0.07044923305511475,0.05635105445981026,0.05347847938537598,6528165_4.jpg
424,71,138,195,67,164,0.3201790452003479,0.18139998614788055,0.09149060398340225,0.034475166350603104,0.029168691486120224,6528165_5.jpg
425,71,167,24,136,127,0.5850202441215515,0.1463596224784851,0.07560406625270844,0.04820238798856735,0.027245918288826942,6528165_6.jpg
426,24,112,136,97,66,0.3278605341911316,0.2748873829841614,0.18084542453289032,0.07459228485822678,0.041465550661087036,652977_0.jpg
427,22,102,176,156,144,0.20987382531166077,0.10339377820491791,0.09446986019611359,0.07625719159841537,0.06605765223503113,6542666_0.jpg
428,22,102,176,156,144,0.20987382531166077,0.10339377820491791,0.09446986019611359,0.07625719159841537,0.06605765223503113,6542666_1.jpg
429,176,164,22,31,43,0.1705121397972107,0.0934065580368042,0.06250868737697601,0.06101994961500168,0.05167072266340256,6542666_2.jpg
430,179,18,9,34,105,0.16685621440410614,0.13498440384864807,0.059226542711257935,0.048832304775714874,0.04713800176978111,6542666_3.jpg
431,81,22,176,149,156,0.20489910244941711,0.10571929067373276,0.08005160093307495,0.04415004327893257,0.04033162444829941,6542666_4.jpg
432,81,2,63,119,172,0.18650910258293152,0.11997641623020172,0.09548825025558472,0.07157289981842041,0.04621253162622452,6542666_5.jpg
433,24,66,45,97,112,0.7742455005645752,0.08039689064025879,0.04151824861764908,0.03605454042553902,0.008746874518692493,6542666_6.jpg
434,112,136,64,113,70,0.33862733840942383,0.27356064319610596,0.09121371805667877,0.05308793857693672,0.03841228783130646,6559587_0.jpg
435,65,22,90,25,128,0.2522750496864319,0.21570971608161926,0.14798887073993683,0.0648859366774559,0.0425841324031353,6572413_0.jpg
436,65,22,90,25,128,0.2522750496864319,0.21570971608161926,0.14798887073993683,0.0648859366774559,0.0425841324031353,6572413_1.jpg
437,195,25,138,154,104,0.6387534141540527,0.06845901906490326,0.06473173201084137,0.024117492139339447,0.02345406636595726,6572413_2.jpg
438,24,66,97,95,112,0.722209632396698,0.13356319069862366,0.1251705437898636,0.007994057610630989,0.0014072704361751676,6572413_3.jpg
439,136,112,64,198,97,0.3890112042427063,0.38636261224746704,0.06690410524606705,0.04948636516928673,0.022777967154979706,6572413_4.jpg
440,167,45,114,105,127,0.9654170274734497,0.014857815578579903,0.011314825154840946,0.002198742236942053,0.0016708612674847245,6572413_5.jpg
441,123,113,23,182,85,0.10756172239780426,0.07659783214330673,0.07285261154174805,0.07040205597877502,0.050570446997880936,6572413_6.jpg
442,195,154,138,152,26,0.5226446390151978,0.17821219563484192,0.06842446327209473,0.04395845904946327,0.012762175872921944,6589558_0.jpg
443,138,195,115,104,151,0.21532270312309265,0.1868785172700882,0.06320351362228394,0.05913199856877327,0.05156362056732178,6608350_0.jpg
444,64,136,112,70,97,0.21923956274986267,0.1927908957004547,0.18760046362876892,0.15654170513153076,0.06466050446033478,66188_0.jpg
445,24,97,66,11,95,0.6518203020095825,0.1361580640077591,0.08100341260433197,0.052131287753582,0.033352602273225784,6653978_0.jpg
446,24,97,66,11,95,0.6518203020095825,0.1361580640077591,0.08100341260433197,0.052131287753582,0.033352602273225784,6653978_1.jpg
447,109,108,64,11,174,0.1797666847705841,0.10508096218109131,0.08802603930234909,0.07103689014911652,0.06300945580005646,6653978_2.jpg
448,127,24,45,9,112,0.3785315155982971,0.14239619672298431,0.062072329223155975,0.05631290748715401,0.05533020943403244,6653978_3.jpg
449,71,127,167,64,145,0.265313059091568,0.06808310002088547,0.05075208097696304,0.04531990736722946,0.04348819702863693,6653978_4.jpg
450,149,55,131,28,194,0.1718815118074417,0.11851444095373154,0.11622601747512817,0.06577437371015549,0.06276662647724152,6653978_5.jpg
451,181,144,138,96,80,0.6863921880722046,0.06591139733791351,0.043450500816106796,0.03969476372003555,0.028663700446486473,6653978_6.jpg
452,24,97,20,11,95,0.49225449562072754,0.20239242911338806,0.09562460333108902,0.09053073078393936,0.030695727095007896,6661181_0.jpg
453,24,97,20,11,95,0.49225449562072754,0.20239242911338806,0.09562460333108902,0.09053073078393936,0.030695727095007896,6661181_1.jpg
454,24,97,112,136,11,0.524502158164978,0.1168699637055397,0.09433501958847046,0.05235525965690613,0.04867197573184967,6661181_2.jpg
455,66,150,129,109,64,0.16347047686576843,0.10601963102817535,0.07718271017074585,0.07332182675600052,0.057943571358919144,6661181_3.jpg
456,24,97,66,11,95,0.7899079322814941,0.1755792498588562,0.026453852653503418,0.007160899229347706,0.0003681940142996609,6661181_4.jpg
457,24,97,11,66,112,0.7433186769485474,0.22642020881175995,0.017368951812386513,0.01050242967903614,0.000697564915753901,6661181_5.jpg
458,24,66,97,11,112,0.8347368240356445,0.07493995875120163,0.06788025051355362,0.021100930869579315,0.0003466003108769655,6661181_6.jpg
459,164,43,55,71,195,0.33641645312309265,0.18553629517555237,0.08635371923446655,0.07550075650215149,0.05380774661898613,671681_0.jpg
460,164,43,55,71,195,0.33641645312309265,0.18553629517555237,0.08635371923446655,0.07550075650215149,0.05380774661898613,671681_1.jpg
461,164,204,43,55,162,0.5459812879562378,0.10874160379171371,0.06910015642642975,0.019645843654870987,0.019495302811264992,671681_2.jpg
462,138,91,194,55,80,0.2743660807609558,0.1355283111333847,0.10037271678447723,0.09649654477834702,0.09397443383932114,671681_3.jpg
463,24,66,97,45,20,0.7084568738937378,0.08032213896512985,0.057442568242549896,0.031429797410964966,0.020227935165166855,671681_4.jpg
464,11,43,24,164,195,0.2745782732963562,0.14691384136676788,0.08254732936620712,0.06814287602901459,0.06013936549425125,671681_5.jpg
465,11,24,20,97,164,0.43270382285118103,0.14413221180438995,0.1161341518163681,0.05017659813165665,0.04815587028861046,671681_6.jpg
466,151,80,55,204,115,0.1452290266752243,0.1275896281003952,0.115384042263031,0.10468920320272446,0.0993485227227211,6765131_0.jpg
467,151,80,55,204,115,0.1452290266752243,0.1275896281003952,0.115384042263031,0.10468920320272446,0.0993485227227211,6765131_1.jpg
468,195,55,138,71,204,0.32722529768943787,0.17388804256916046,0.09212245047092438,0.08169807493686676,0.07146535813808441,6765131_2.jpg
469,112,136,93,113,198,0.24769756197929382,0.222617506980896,0.12113820016384125,0.0882221907377243,0.08477649837732315,6765131_3.jpg
470,108,109,84,93,70,0.492319256067276,0.42730769515037537,0.05049266293644905,0.005214186850935221,0.004775746259838343,6765131_4.jpg
471,24,97,66,11,95,0.8521377444267273,0.12149979174137115,0.020083928480744362,0.004835964646190405,0.0006148552056401968,6765131_5.jpg
472,26,84,167,109,97,0.5320883989334106,0.20178255438804626,0.07022995501756668,0.033495377749204636,0.03265815228223801,6765131_6.jpg
473,112,136,64,70,195,0.3755458891391754,0.2264406681060791,0.07653670012950897,0.07238057255744934,0.0568448007106781,687416_0.jpg
474,112,136,64,70,195,0.3755458891391754,0.2264406681060791,0.07653670012950897,0.07238057255744934,0.0568448007106781,687416_1.jpg
475,112,136,93,64,129,0.316633403301239,0.23027896881103516,0.12141628563404083,0.042969346046447754,0.04294683784246445,687416_2.jpg
476,112,136,64,70,24,0.25427526235580444,0.19033679366111755,0.12250089645385742,0.10647885501384735,0.053806744515895844,687416_3.jpg
477,64,70,136,112,195,0.3956712484359741,0.2892628610134125,0.07539458572864532,0.06864108145236969,0.02250310219824314,687416_4.jpg
478,108,109,70,84,64,0.4699220657348633,0.44969263672828674,0.016735702753067017,0.016634609550237656,0.013153597712516785,687416_5.jpg
479,64,70,109,136,112,0.28496864438056946,0.20530900359153748,0.0937928631901741,0.09204038232564926,0.0871472880244255,687416_6.jpg
480,142,43,164,138,71,0.16579891741275787,0.10476769506931305,0.09170742332935333,0.05310337617993355,0.052026741206645966,6895473_0.jpg
481,142,43,164,138,71,0.16579891741275787,0.10476769506931305,0.09170742332935333,0.05310337617993355,0.052026741206645966,6895473_1.jpg
482,195,138,154,104,25,0.35850968956947327,0.19446906447410583,0.13754670321941376,0.06493490189313889,0.027154574170708656,6895473_2.jpg
483,84,108,109,112,64,0.28008559346199036,0.24777989089488983,0.18094396591186523,0.07116732746362686,0.0451154001057148,6895473_3.jpg
484,136,64,112,70,198,0.24261417984962463,0.21329987049102783,0.21210582554340363,0.07237563282251358,0.06562648713588715,6895473_4.jpg
485,136,24,112,97,198,0.19414138793945312,0.18141213059425354,0.17188359797000885,0.09148795902729034,0.08956162631511688,6895473_5.jpg
486,64,109,108,70,112,0.2921587824821472,0.15778854489326477,0.14058217406272888,0.08469514548778534,0.0593637116253376,6895473_6.jpg
487,197,149,121,47,28,0.22855491936206818,0.17649447917938232,0.08824491500854492,0.056774891912937164,0.055073082447052,6913633_0.jpg
488,197,149,121,47,28,0.22855491936206818,0.17649447917938232,0.08824491500854492,0.056774891912937164,0.055073082447052,6913633_1.jpg
489,80,28,138,55,91,0.2331150472164154,0.1377149224281311,0.10296738147735596,0.08249621838331223,0.052493952214717865,6913633_2.jpg
490,138,91,67,80,204,0.22270235419273376,0.14799822866916656,0.13106323778629303,0.09332329779863358,0.08041556179523468,6913633_3.jpg
491,110,20,174,45,33,0.6548787951469421,0.09902719408273697,0.040678370743989944,0.023736922070384026,0.021388601511716843,6913633_4.jpg
492,167,114,105,20,52,0.9990148544311523,0.00036588680814020336,0.000227074371650815,0.00021202578500378877,2.4683944502612576e-05,6913633_5.jpg
493,167,97,109,24,113,0.9561626315116882,0.019419074058532715,0.002457208698615432,0.0023606528993695974,0.002293227007612586,6913633_6.jpg
494,136,24,112,195,66,0.18701334297657013,0.15119247138500214,0.13782410323619843,0.1202770322561264,0.07190758734941483,6989027_0.jpg
495,115,43,55,151,204,0.39667809009552,0.08688785135746002,0.05134744197130203,0.03630705550312996,0.03595076873898506,7025710_0.jpg
496,115,43,55,151,204,0.39667809009552,0.08688785135746002,0.05134744197130203,0.03630705550312996,0.03595076873898506,7025710_1.jpg
497,174,115,75,151,195,0.19984742999076843,0.1795831173658371,0.16715414822101593,0.09236307442188263,0.05711718648672104,7025710_2.jpg
498,174,75,138,3,188,0.48739829659461975,0.055312998592853546,0.03948332369327545,0.035308338701725006,0.029255997389554977,7025710_3.jpg
499,112,24,136,195,108,0.1360216736793518,0.13433189690113068,0.11545324325561523,0.10754009336233139,0.09566925466060638,7025710_4.jpg
500,183,42,81,159,149,0.22070011496543884,0.11310694366693497,0.09512872993946075,0.07640278339385986,0.04946018382906914,7025710_5.jpg
501,195,93,11,24,136,0.1354740560054779,0.11050683259963989,0.08939294517040253,0.08051218092441559,0.07375068962574005,7025710_6.jpg
502,55,164,43,204,80,0.42184582352638245,0.22369322180747986,0.13744841516017914,0.030351707711815834,0.029949435964226723,70937_0.jpg
503,55,164,43,204,80,0.42184582352638245,0.22369322180747986,0.13744841516017914,0.030351707711815834,0.029949435964226723,70937_1.jpg
504,78,28,176,58,144,0.14279386401176453,0.11407575756311417,0.10598088800907135,0.08341854065656662,0.04531113803386688,70937_2.jpg
505,109,108,84,134,64,0.45811718702316284,0.40664345026016235,0.025592967867851257,0.025368843227624893,0.02402227185666561,70937_3.jpg
506,93,109,108,129,64,0.3064221739768982,0.15726658701896667,0.12585189938545227,0.10403577238321304,0.08123886585235596,70937_4.jpg
507,64,93,24,70,129,0.24881871044635773,0.12367962300777435,0.10965408384799957,0.09181220084428787,0.06040360406041145,70937_5.jpg
508,112,136,64,198,70,0.4038791060447693,0.3352923095226288,0.04839233309030533,0.034242719411849976,0.02529861032962799,70937_6.jpg
509,25,78,28,149,195,0.10951926559209824,0.09567813575267792,0.07969740033149719,0.0719345360994339,0.06753655523061752,7131639_0.jpg
510,25,78,28,149,195,0.10951926559209824,0.09567813575267792,0.07969740033149719,0.0719345360994339,0.06753655523061752,7131639_1.jpg
511,195,138,71,164,104,0.10789744555950165,0.10270129144191742,0.07539193332195282,0.05431070923805237,0.05384592339396477,7131639_2.jpg
512,195,57,138,113,204,0.22841624915599823,0.2125038206577301,0.162682443857193,0.07230953872203827,0.030827153474092484,7131639_3.jpg
513,138,55,195,164,91,0.18350094556808472,0.1443198174238205,0.13512255251407623,0.08513209223747253,0.061780691146850586,7131639_4.jpg
514,78,149,79,176,38,0.19313231110572815,0.1419946253299713,0.08905365318059921,0.059508539736270905,0.05838460847735405,7131639_5.jpg
515,43,67,195,138,104,0.16862232983112335,0.07986149191856384,0.06011033058166504,0.060068272054195404,0.047831349074840546,7131639_6.jpg
516,57,94,13,151,98,0.3102722764015198,0.15982703864574432,0.0945662334561348,0.08402649313211441,0.06055573746562004,7265058_0.jpg
517,57,94,13,151,98,0.3102722764015198,0.15982703864574432,0.0945662334561348,0.08402649313211441,0.06055573746562004,7265058_1.jpg
518,93,140,129,171,75,0.15275967121124268,0.08485187590122223,0.06753257662057877,0.044318802654743195,0.03947467356920242,7265058_2.jpg
519,172,164,43,151,120,0.11625161021947861,0.09597432613372803,0.07393606007099152,0.058181632310152054,0.05290447920560837,7265058_3.jpg
520,97,24,66,95,94,0.39274582266807556,0.35206636786460876,0.18208403885364532,0.06967416405677795,0.0005557381664402783,7265058_4.jpg
521,97,24,64,51,136,0.2286640703678131,0.1456010639667511,0.06711337715387344,0.05519045144319534,0.05491750314831734,7265058_5.jpg
522,167,20,114,45,105,0.9834252595901489,0.00482304859906435,0.002478034468367696,0.0021866513416171074,0.0018044753232970834,7265058_6.jpg
523,164,151,67,162,204,0.18567968904972076,0.17344430088996887,0.13862234354019165,0.11497895419597626,0.09851568937301636,7328977_0.jpg
524,164,151,67,162,204,0.18567968904972076,0.17344430088996887,0.13862234354019165,0.11497895419597626,0.09851568937301636,7328977_1.jpg
525,195,25,138,22,65,0.28497201204299927,0.09834794700145721,0.09718181192874908,0.06367824226617813,0.05072379857301712,7328977_2.jpg
526,11,112,136,198,24,0.5036557912826538,0.19297581911087036,0.12831667065620422,0.03253055363893509,0.027214789763092995,7328977_3.jpg
527,24,97,11,66,20,0.5422672033309937,0.42169323563575745,0.02881074883043766,0.0057031502947211266,0.000489549885969609,7328977_4.jpg
528,64,167,70,136,109,0.3208823502063751,0.27236753702163696,0.10423022508621216,0.04542353376746178,0.041204895824193954,7328977_5.jpg
529,109,108,84,64,70,0.3631839156150818,0.2730930745601654,0.09247414022684097,0.07567238807678223,0.03698532655835152,7328977_6.jpg
530,3,121,197,138,43,0.1732214391231537,0.08926170319318771,0.049797989428043365,0.049338288605213165,0.042074963450431824,7397904_0.jpg
531,24,112,66,93,97,0.47023358941078186,0.2068677693605423,0.12844160199165344,0.0427548885345459,0.027613554149866104,7416544_0.jpg
532,24,112,66,93,97,0.47023358941078186,0.2068677693605423,0.12844160199165344,0.0427548885345459,0.027613554149866104,7416544_1.jpg
533,95,66,24,45,20,0.1892133504152298,0.1838902086019516,0.14965078234672546,0.1237773671746254,0.06099217012524605,7416544_2.jpg
534,167,97,24,95,20,0.880003809928894,0.09217990934848785,0.011082854121923447,0.004239924717694521,0.0015086892526596785,7416544_3.jpg
535,195,138,164,154,204,0.4660608172416687,0.37638968229293823,0.02148738130927086,0.019619356840848923,0.017846936360001564,7416544_4.jpg
536,112,24,93,64,129,0.23035211861133575,0.16398029029369354,0.1362953931093216,0.10104900598526001,0.07632385194301605,7416544_5.jpg
537,43,121,193,172,122,0.4459590017795563,0.14051499962806702,0.08920995146036148,0.06256626546382904,0.04540180414915085,7416544_6.jpg
538,112,136,64,70,113,0.3074418008327484,0.19235678017139435,0.14277611672878265,0.06513946503400803,0.046959977596998215,7419858_0.jpg
539,24,66,97,39,127,0.7052589654922485,0.10806107521057129,0.08914356678724289,0.029016444459557533,0.010992325842380524,7440597_0.jpg
540,24,66,97,39,127,0.7052589654922485,0.10806107521057129,0.08914356678724289,0.029016444459557533,0.010992325842380524,7440597_1.jpg
541,24,45,97,66,114,0.6019748449325562,0.11375107616186142,0.061445802450180054,0.0531805157661438,0.020001033321022987,7440597_2.jpg
542,172,121,151,90,171,0.2618090808391571,0.0908849686384201,0.06090261787176132,0.059948574751615524,0.05923188850283623,7440597_3.jpg
543,138,204,55,194,174,0.19419923424720764,0.12077610194683075,0.11970776319503784,0.06296145915985107,0.05537310242652893,7440597_4.jpg
544,90,47,163,65,128,0.4485960900783539,0.14814889430999756,0.10151956230401993,0.08586569130420685,0.049974605441093445,754274_0.jpg
545,195,113,181,138,97,0.45093172788619995,0.04770229011774063,0.040721673518419266,0.03723766282200813,0.029471123591065407,7577328_0.jpg
546,195,113,181,138,97,0.45093172788619995,0.04770229011774063,0.040721673518419266,0.03723766282200813,0.029471123591065407,7577328_1.jpg
547,25,204,151,80,55,0.1531965583562851,0.14085081219673157,0.07420182973146439,0.07243258506059647,0.06109445542097092,7577328_2.jpg
548,97,24,66,112,136,0.48453202843666077,0.4165256917476654,0.03537862375378609,0.03208078816533089,0.008318396285176277,7577328_3.jpg
549,109,108,84,134,70,0.4751666188240051,0.47303587198257446,0.017751941457390785,0.009856807067990303,0.0074195400811731815,7577328_4.jpg
550,67,114,2,167,20,0.2916575074195862,0.17661932110786438,0.07385493814945221,0.0499223992228508,0.040781907737255096,7577328_5.jpg
551,47,111,128,25,163,0.14003540575504303,0.11229431629180908,0.07671134173870087,0.059332698583602905,0.0477321483194828,7577328_6.jpg
552,55,80,7,28,91,0.1776662915945053,0.1322804093360901,0.07894532382488251,0.060993485152721405,0.05235530063509941,7579140_0.jpg
553,55,80,7,28,91,0.1776662915945053,0.1322804093360901,0.07894532382488251,0.060993485152721405,0.05235530063509941,7579140_1.jpg
554,57,67,138,55,2,0.29530423879623413,0.09604664146900177,0.07952897995710373,0.07945463061332703,0.05713435262441635,7579140_2.jpg
555,71,138,167,67,195,0.18776962161064148,0.10457533597946167,0.08953298628330231,0.08681414276361465,0.0736667662858963,7579140_3.jpg
556,174,20,54,113,11,0.629310131072998,0.13349391520023346,0.05164704844355583,0.02583630383014679,0.013841335661709309,7579140_4.jpg
557,167,97,127,8,9,0.4907321333885193,0.14551779627799988,0.07330544292926788,0.06008199602365494,0.03718758746981621,7579140_5.jpg
558,181,81,138,57,80,0.7142669558525085,0.07357051223516464,0.06513284146785736,0.024575043469667435,0.01503230445086956,7579140_6.jpg
559,24,66,97,112,136,0.8447427749633789,0.0952506810426712,0.05563895031809807,0.0014986117603257298,0.0008838538778945804,7583116_0.jpg
560,24,66,97,112,136,0.8447427749633789,0.0952506810426712,0.05563895031809807,0.0014986117603257298,0.0008838538778945804,7583116_1.jpg
561,195,138,154,25,75,0.5199986696243286,0.19985592365264893,0.10287747532129288,0.023901179432868958,0.019818630069494247,7583116_2.jpg
562,112,136,64,70,24,0.3138161897659302,0.26237601041793823,0.17056576907634735,0.05765433982014656,0.031340591609478,7583116_3.jpg
563,93,123,9,136,129,0.1332349330186844,0.0697910413146019,0.06860135495662689,0.06395696103572845,0.05640696734189987,7583116_4.jpg
564,167,20,24,97,112,0.9530507922172546,0.01152723841369152,0.0042184204794466496,0.0030751447193324566,0.002422379795461893,7583116_5.jpg
565,195,138,75,154,25,0.23761633038520813,0.22743010520935059,0.08345290273427963,0.06420639902353287,0.03567521274089813,7583116_6.jpg
566,4,31,184,111,120,0.15146756172180176,0.10208643972873688,0.058739256113767624,0.05337177589535713,0.04673708975315094,7650100_0.jpg
567,55,164,91,194,80,0.42003512382507324,0.16917361319065094,0.07803145796060562,0.07065388560295105,0.04562147706747055,7747065_0.jpg
568,55,164,91,194,80,0.42003512382507324,0.16917361319065094,0.07803145796060562,0.07065388560295105,0.04562147706747055,7747065_1.jpg
569,136,24,64,112,17,0.1602746546268463,0.15164712071418762,0.15159083902835846,0.11152176558971405,0.11041239649057388,7747065_2.jpg
570,167,138,91,204,194,0.20479519665241241,0.10070464760065079,0.0630941316485405,0.04834725707769394,0.0321117527782917,7747065_3.jpg
571,164,71,138,43,195,0.5853148698806763,0.11339155584573746,0.04806732386350632,0.035775523632764816,0.029816389083862305,7747065_4.jpg
572,15,113,46,9,136,0.3863397240638733,0.1261090785264969,0.07880841195583344,0.04164937883615494,0.03297087550163269,7747065_5.jpg
573,164,140,71,204,38,0.6801674365997314,0.14659638702869415,0.02212480828166008,0.015962300822138786,0.015317457728087902,7747065_6.jpg
574,195,55,151,115,43,0.17894026637077332,0.10994042456150055,0.10544504970312119,0.10111723095178604,0.09657201170921326,7801671_0.jpg
575,195,55,151,115,43,0.17894026637077332,0.10994042456150055,0.10544504970312119,0.10111723095178604,0.09657201170921326,7801671_1.jpg
576,151,204,115,67,162,0.2004595547914505,0.12613889575004578,0.09412537515163422,0.07967882603406906,0.05929126590490341,7801671_2.jpg
577,131,204,67,186,141,0.19298778474330902,0.10325338691473007,0.1013583093881607,0.07943801581859589,0.058101534843444824,7801671_3.jpg
578,167,71,24,97,45,0.35628968477249146,0.2489001452922821,0.13324135541915894,0.06506393849849701,0.03972263261675835,7801671_4.jpg
579,138,164,204,195,141,0.27637484669685364,0.11170774698257446,0.09455792605876923,0.055751144886016846,0.04917950555682182,7801671_5.jpg
580,71,127,24,97,45,0.5730760097503662,0.04776493087410927,0.03844980150461197,0.030528705567121506,0.026675144210457802,7801671_6.jpg
581,197,121,171,90,170,0.17091523110866547,0.13604053854942322,0.08447636663913727,0.06795807182788849,0.06546607613563538,7827518_0.jpg
582,31,196,156,90,52,0.4671971797943115,0.3332422375679016,0.040185876190662384,0.034013159573078156,0.024990646168589592,7866059_0.jpg
583,38,141,138,28,204,0.2535858452320099,0.11448289453983307,0.10805080085992813,0.0660216212272644,0.03819723799824715,7919565_0.jpg
584,38,141,138,28,204,0.2535858452320099,0.11448289453983307,0.10805080085992813,0.0660216212272644,0.03819723799824715,7919565_1.jpg
585,97,112,136,24,64,0.18245932459831238,0.17078320682048798,0.15222525596618652,0.1393197923898697,0.09776951372623444,7919565_2.jpg
586,158,149,31,196,6,0.2824224531650543,0.15533758699893951,0.1429622620344162,0.07722649723291397,0.030509700998663902,7919565_3.jpg
587,8,9,126,46,44,0.49250203371047974,0.32011592388153076,0.04811125993728638,0.012059709057211876,0.011639855802059174,7919565_4.jpg
588,64,24,97,70,127,0.3511945307254791,0.2013271301984787,0.17738522589206696,0.13954970240592957,0.018316378816962242,7919565_5.jpg
589,140,164,71,2,204,0.6412302851676941,0.07628652453422546,0.06367236375808716,0.033079613000154495,0.019316915422677994,7919565_6.jpg
590,112,136,64,70,198,0.45669350028038025,0.3756445646286011,0.038789551705121994,0.026375964283943176,0.02491881139576435,79420_0.jpg
591,112,136,64,70,198,0.45669350028038025,0.3756445646286011,0.038789551705121994,0.026375964283943176,0.02491881139576435,79420_1.jpg
592,136,112,113,64,198,0.167715385556221,0.12329985946416855,0.116676926612854,0.06691685318946838,0.06412128359079361,79420_2.jpg
593,64,109,108,45,134,0.3011946976184845,0.1167774647474289,0.07644405215978622,0.06667851656675339,0.05727256089448929,79420_3.jpg
594,54,45,114,20,105,0.6331202983856201,0.20754127204418182,0.06901712715625763,0.023154206573963165,0.00900832749903202,79420_4.jpg
595,24,66,97,136,112,0.8419683575630188,0.08115231245756149,0.06783290207386017,0.0027245860546827316,0.0021178897004574537,79420_5.jpg
596,108,109,84,110,134,0.47846823930740356,0.43992796540260315,0.0543924979865551,0.008014445193111897,0.007304555270820856,79420_6.jpg
597,24,66,97,11,174,0.7353065609931946,0.12669751048088074,0.060804933309555054,0.03729214519262314,0.008235437795519829,8151860_0.jpg
598,24,66,97,11,174,0.7353065609931946,0.12669751048088074,0.060804933309555054,0.03729214519262314,0.008235437795519829,8151860_1.jpg
599,112,136,93,129,66,0.31594857573509216,0.1589164435863495,0.12099049240350723,0.06584545224905014,0.05807904526591301,8151860_2.jpg
600,2,54,67,20,57,0.7834489941596985,0.07712031900882721,0.0652615875005722,0.014287198893725872,0.011138196103274822,8151860_3.jpg
601,148,185,191,120,92,0.29899635910987854,0.09572099149227142,0.0788675993680954,0.04715412110090256,0.035288188606500626,8151860_4.jpg
602,90,47,102,128,65,0.5416523218154907,0.07486848533153534,0.053928084671497345,0.040532343089580536,0.03406260162591934,8469643_0.jpg
603,24,97,195,66,11,0.8266401290893555,0.10244085639715195,0.016909204423427582,0.012780876830220222,0.007252264767885208,84782_0.jpg
604,24,97,195,66,11,0.8266401290893555,0.10244085639715195,0.016909204423427582,0.012780876830220222,0.007252264767885208,84782_1.jpg
605,138,195,38,141,154,0.19652286171913147,0.14345039427280426,0.09626711905002594,0.07053010165691376,0.06760989129543304,84782_2.jpg
606,47,128,156,78,170,0.1092638373374939,0.10065008699893951,0.08893760293722153,0.08157560229301453,0.073399119079113,84782_3.jpg
607,112,136,64,70,24,0.417645126581192,0.322756826877594,0.08415830135345459,0.06096656993031502,0.0299326591193676,84782_4.jpg
608,195,71,138,24,97,0.3443589210510254,0.1468638777732849,0.09706945717334747,0.08834002912044525,0.08298002183437347,84782_5.jpg
609,128,47,163,81,100,0.4053758978843689,0.22841718792915344,0.09215597063302994,0.09127704799175262,0.05731895565986633,84782_6.jpg
610,112,136,24,198,97,0.5715722441673279,0.4008336067199707,0.010339200496673584,0.008462931029498577,0.0021992125548422337,848634_0.jpg
611,112,136,24,198,97,0.5715722441673279,0.4008336067199707,0.010339200496673584,0.008462931029498577,0.0021992125548422337,848634_1.jpg
612,64,70,136,109,108,0.7195596694946289,0.2585979402065277,0.005046347621828318,0.004271550104022026,0.0027417498640716076,848634_2.jpg
613,24,66,112,97,11,0.7315951585769653,0.09258520603179932,0.047309234738349915,0.03466493636369705,0.03031766042113304,848634_3.jpg
614,24,97,112,136,11,0.650886595249176,0.3111036419868469,0.012935591861605644,0.012212252244353294,0.0030081099830567837,848634_4.jpg
615,112,136,198,20,113,0.4937303960323334,0.48326510190963745,0.016626566648483276,0.0016714424127712846,0.0013889686670154333,848634_5.jpg
616,112,136,198,24,20,0.5106230974197388,0.29919373989105225,0.08988045156002045,0.02732929214835167,0.02258816361427307,848634_6.jpg
617,43,115,139,149,104,0.7976421117782593,0.024653498083353043,0.02203710563480854,0.020360182970762253,0.019331874325871468,86456_0.jpg
618,43,115,139,149,104,0.7976421117782593,0.024653498083353043,0.02203710563480854,0.020360182970762253,0.019331874325871468,86456_1.jpg
619,136,24,112,11,20,0.2415841817855835,0.10048532485961914,0.0844978466629982,0.04257176071405411,0.04122573882341385,86456_2.jpg
620,55,164,131,28,43,0.36232638359069824,0.10378892719745636,0.09712845832109451,0.03730873018503189,0.03658036142587662,86456_3.jpg
621,28,91,149,139,55,0.15972504019737244,0.13170984387397766,0.08052033931016922,0.07611110061407089,0.06008390709757805,86456_4.jpg
622,149,78,28,176,131,0.4294913709163666,0.08982045203447342,0.07763110101222992,0.06504378467798233,0.037429582327604294,86456_5.jpg
623,55,149,28,91,194,0.13857878744602203,0.13199222087860107,0.1304466277360916,0.1173454150557518,0.08674588799476624,86456_6.jpg
624,138,154,195,152,104,0.3866725265979767,0.2886306643486023,0.21206970512866974,0.014863232150673866,0.008799162693321705,887544_0.jpg
625,138,154,195,152,104,0.3866725265979767,0.2886306643486023,0.21206970512866974,0.014863232150673866,0.008799162693321705,887544_1.jpg
626,112,136,198,93,20,0.489899218082428,0.36786073446273804,0.058472324162721634,0.016229737550020218,0.015860799700021744,887544_2.jpg
627,108,109,84,134,153,0.5579256415367126,0.3012278378009796,0.10895811021327972,0.01575453206896782,0.009754098951816559,887544_3.jpg
628,24,97,66,20,112,0.83702152967453,0.1276007741689682,0.009527786634862423,0.004737014416605234,0.003960640635341406,887544_4.jpg
629,108,109,84,93,64,0.38886794447898865,0.3547135293483734,0.05974758416414261,0.03857651725411415,0.02847686968743801,887544_5.jpg
630,112,136,198,113,150,0.39240485429763794,0.2784404456615448,0.08714206516742706,0.07293824851512909,0.030826274305582047,887544_6.jpg
631,195,138,154,152,25,0.2156737744808197,0.16690096259117126,0.10742596536874771,0.037841904908418655,0.03086782619357109,896242_0.jpg
632,195,138,154,152,25,0.2156737744808197,0.16690096259117126,0.10742596536874771,0.037841904908418655,0.03086782619357109,896242_1.jpg
633,11,24,97,66,112,0.37914812564849854,0.3304574191570282,0.28720834851264954,0.0021854578517377377,0.0002301689237356186,896242_2.jpg
634,112,113,136,108,109,0.14390061795711517,0.13111671805381775,0.128029927611351,0.1263982206583023,0.12073421478271484,896242_3.jpg
635,112,136,11,24,97,0.4492059350013733,0.29725608229637146,0.08538411557674408,0.07167431712150574,0.021220015361905098,896242_4.jpg
636,181,79,57,2,78,0.0891977995634079,0.07670465856790543,0.05296871066093445,0.044537775218486786,0.0437803715467453,896242_5.jpg
637,112,136,195,24,11,0.4457489848136902,0.39095938205718994,0.030903678387403488,0.02315114066004753,0.02228308841586113,896242_6.jpg
638,90,102,47,65,156,0.5867070555686951,0.060547035187482834,0.057236455380916595,0.04213515669107437,0.029097776859998703,942848_0.jpg
639,64,70,109,152,108,0.63686603307724,0.280790239572525,0.014099654741585255,0.013669589534401894,0.013573314063251019,973782_0.jpg
640,8,129,9,93,136,0.11815185844898224,0.0738927498459816,0.07228592038154602,0.07129863649606705,0.07090304046869278,985949_0.jpg
